subject,condition,trial,foot,grade
subject10,antalgic,trial10,left,2
subject10,antalgic,trial10,right,1
subject10,antalgic,trial11,left,2
subject10,antalgic,trial11,right,2
subject10,antalgic,trial12,left,2
subject10,antalgic,trial12,right,2
subject10,antalgic,trial13,left,2
subject10,antalgic,trial13,right,2
subject10,antalgic,trial14,left,1
subject10,antalgic,trial14,right,1
subject10,antalgic,trial15,left,2
subject10,antalgic,trial15,right,2
subject10,antalgic,trial16,left,2
subject10,antalgic,trial16,right,2
subject10,antalgic,trial17,left,2
subject10,antalgic,trial17,right,1
subject10,antalgic,trial18,left,2
subject10,antalgic,trial18,right,2
subject10,antalgic,trial19,left,2
subject10,antalgic,trial19,right,2
subject10,antalgic,trial1,right,2
subject10,antalgic,trial1,left,2
subject10,antalgic,trial20,right,2
subject10,antalgic,trial20,left,2
subject10,antalgic,trial2,left,2
subject10,antalgic,trial2,right,2
subject10,antalgic,trial3,right,2
subject10,antalgic,trial3,left,2
subject10,antalgic,trial4,right,1
subject10,antalgic,trial4,left,2
subject10,antalgic,trial5,right,2
subject10,antalgic,trial5,left,1
subject10,antalgic,trial6,right,2
subject10,antalgic,trial6,left,2
subject10,antalgic,trial7,right,2
subject10,antalgic,trial7,left,2
subject10,antalgic,trial8,right,2
subject10,antalgic,trial8,left,1
subject10,antalgic,trial9,left,2
subject10,antalgic,trial9,right,1
subject10,lurching,trial10,right,2
subject10,lurching,trial10,left,2
subject10,lurching,trial11,left,2
subject10,lurching,trial11,right,2
subject10,lurching,trial12,left,1
subject10,lurching,trial12,right,0
subject10,lurching,trial13,left,2
subject10,lurching,trial13,right,1
subject10,lurching,trial14,left,2
subject10,lurching,trial14,right,1
subject10,lurching,trial15,left,2
subject10,lurching,trial15,right,0
subject10,lurching,trial16,right,2
subject10,lurching,trial16,left,2
subject10,lurching,trial17,right,2
subject10,lurching,trial17,left,1
subject10,lurching,trial18,left,2
subject10,lurching,trial18,right,1
subject10,lurching,trial19,left,1
subject10,lurching,trial19,right,0
subject10,lurching,trial1,right,2
subject10,lurching,trial1,left,2
subject10,lurching,trial20,right,2
subject10,lurching,trial20,left,2
subject10,lurching,trial2,right,0
subject10,lurching,trial2,left,2
subject10,lurching,trial3,left,2
subject10,lurching,trial3,right,2
subject10,lurching,trial4,right,2
subject10,lurching,trial4,left,2
subject10,lurching,trial5,right,2
subject10,lurching,trial5,left,2
subject10,lurching,trial6,left,2
subject10,lurching,trial6,right,1
subject10,lurching,trial7,left,1
subject10,lurching,trial7,right,1
subject10,lurching,trial8,left,2
subject10,lurching,trial8,right,1
subject10,lurching,trial9,left,2
subject10,lurching,trial9,right,1
subject10,normal,trial10,right,2
subject10,normal,trial10,left,2
subject10,normal,trial11,right,2
subject10,normal,trial11,left,2
subject10,normal,trial12,right,2
subject10,normal,trial12,left,2
subject10,normal,trial13,right,2
subject10,normal,trial13,left,2
subject10,normal,trial14,right,2
subject10,normal,trial14,left,2
subject10,normal,trial15,right,2
subject10,normal,trial15,left,2
subject10,normal,trial16,right,2
subject10,normal,trial16,left,2
subject10,normal,trial17,right,2
subject10,normal,trial17,left,2
subject10,normal,trial18,right,2
subject10,normal,trial18,left,1
subject10,normal,trial19,right,2
subject10,normal,trial19,left,2
subject10,normal,trial1,right,2
subject10,normal,trial1,left,2
subject10,normal,trial20,right,2
subject10,normal,trial20,left,2
subject10,normal,trial2,right,2
subject10,normal,trial2,left,0
subject10,normal,trial3,right,2
subject10,normal,trial3,left,2
subject10,normal,trial4,right,2
subject10,normal,trial4,left,2
subject10,normal,trial5,left,2
subject10,normal,trial5,right,2
subject10,normal,trial6,right,2
subject10,normal,trial6,left,2
subject10,normal,trial7,right,2
subject10,normal,trial7,left,2
subject10,normal,trial8,right,2
subject10,normal,trial8,left,1
subject10,normal,trial9,right,2
subject10,normal,trial9,left,2
subject10,steppage,trial10,right,2
subject10,steppage,trial10,left,2
subject10,steppage,trial11,right,2
subject10,steppage,trial11,left,2
subject10,steppage,trial12,left,2
subject10,steppage,trial12,right,2
subject10,steppage,trial13,right,2
subject10,steppage,trial13,left,1
subject10,steppage,trial14,left,2
subject10,steppage,trial14,right,2
subject10,steppage,trial15,right,2
subject10,steppage,trial15,left,2
subject10,steppage,trial16,right,2
subject10,steppage,trial16,left,2
subject10,steppage,trial17,right,2
subject10,steppage,trial17,left,1
subject10,steppage,trial18,right,2
subject10,steppage,trial18,left,2
subject10,steppage,trial19,right,1
subject10,steppage,trial19,left,2
subject10,steppage,trial1,left,1
subject10,steppage,trial1,right,2
subject10,steppage,trial20,left,2
subject10,steppage,trial20,right,1
subject10,steppage,trial2,right,2
subject10,steppage,trial2,left,2
subject10,steppage,trial3,right,2
subject10,steppage,trial3,left,2
subject10,steppage,trial4,left,2
subject10,steppage,trial4,right,2
subject10,steppage,trial5,right,2
subject10,steppage,trial5,left,2
subject10,steppage,trial6,right,2
subject10,steppage,trial6,left,2
subject10,steppage,trial7,right,2
subject10,steppage,trial7,left,2
subject10,steppage,trial8,left,2
subject10,steppage,trial8,right,2
subject10,steppage,trial9,right,2
subject10,steppage,trial9,left,2
subject10,stiff-legged,trial10,right,2
subject10,stiff-legged,trial10,left,2
subject10,stiff-legged,trial11,left,2
subject10,stiff-legged,trial11,right,2
subject10,stiff-legged,trial12,right,2
subject10,stiff-legged,trial12,left,2
subject10,stiff-legged,trial13,right,2
subject10,stiff-legged,trial13,left,2
subject10,stiff-legged,trial14,right,2
subject10,stiff-legged,trial14,left,2
subject10,stiff-legged,trial15,left,2
subject10,stiff-legged,trial15,right,2
subject10,stiff-legged,trial16,right,2
subject10,stiff-legged,trial16,left,1
subject10,stiff-legged,trial17,right,2
subject10,stiff-legged,trial17,left,2
subject10,stiff-legged,trial18,right,2
subject10,stiff-legged,trial18,left,2
subject10,stiff-legged,trial19,right,2
subject10,stiff-legged,trial19,left,1
subject10,stiff-legged,trial1,right,2
subject10,stiff-legged,trial1,left,1
subject10,stiff-legged,trial20,left,2
subject10,stiff-legged,trial20,right,2
subject10,stiff-legged,trial2,right,2
subject10,stiff-legged,trial2,left,1
subject10,stiff-legged,trial3,right,2
subject10,stiff-legged,trial3,left,1
subject10,stiff-legged,trial4,right,2
subject10,stiff-legged,trial4,left,2
subject10,stiff-legged,trial5,right,2
subject10,stiff-legged,trial5,left,2
subject10,stiff-legged,trial6,right,2
subject10,stiff-legged,trial6,left,2
subject10,stiff-legged,trial7,right,2
subject10,stiff-legged,trial7,left,2
subject10,stiff-legged,trial8,right,2
subject10,stiff-legged,trial8,left,2
subject10,stiff-legged,trial9,right,2
subject10,stiff-legged,trial9,left,2
subject10,trendelenburg,trial10,right,1
subject10,trendelenburg,trial10,left,2
subject10,trendelenburg,trial11,right,2
subject10,trendelenburg,trial11,left,2
subject10,trendelenburg,trial12,left,1
subject10,trendelenburg,trial12,right,2
subject10,trendelenburg,trial13,right,2
subject10,trendelenburg,trial13,left,1
subject10,trendelenburg,trial14,right,1
subject10,trendelenburg,trial14,left,1
subject10,trendelenburg,trial15,right,1
subject10,trendelenburg,trial15,left,2
subject10,trendelenburg,trial16,left,2
subject10,trendelenburg,trial16,right,0
subject10,trendelenburg,trial17,right,0
subject10,trendelenburg,trial17,left,1
subject10,trendelenburg,trial18,right,2
subject10,trendelenburg,trial18,left,1
subject10,trendelenburg,trial19,left,1
subject10,trendelenburg,trial19,right,0
subject10,trendelenburg,trial1,right,2
subject10,trendelenburg,trial1,left,1
subject10,trendelenburg,trial20,right,1
subject10,trendelenburg,trial20,left,1
subject10,trendelenburg,trial2,left,2
subject10,trendelenburg,trial2,right,2
subject10,trendelenburg,trial3,right,1
subject10,trendelenburg,trial3,left,2
subject10,trendelenburg,trial4,right,2
subject10,trendelenburg,trial4,left,0
subject10,trendelenburg,trial5,right,1
subject10,trendelenburg,trial5,left,1
subject10,trendelenburg,trial6,right,2
subject10,trendelenburg,trial6,left,2
subject10,trendelenburg,trial7,right,2
subject10,trendelenburg,trial7,left,2
subject10,trendelenburg,trial8,right,2
subject10,trendelenburg,trial8,left,2
subject10,trendelenburg,trial9,left,2
subject10,trendelenburg,trial9,right,0
subject11,antalgic,trial10,left,2
subject11,antalgic,trial10,right,2
subject11,antalgic,trial11,left,2
subject11,antalgic,trial11,right,2
subject11,antalgic,trial12,left,2
subject11,antalgic,trial12,right,2
subject11,antalgic,trial13,left,1
subject11,antalgic,trial13,right,2
subject11,antalgic,trial14,left,1
subject11,antalgic,trial14,right,2
subject11,antalgic,trial15,left,1
subject11,antalgic,trial15,right,2
subject11,antalgic,trial16,right,2
subject11,antalgic,trial16,left,2
subject11,antalgic,trial17,left,1
subject11,antalgic,trial17,right,2
subject11,antalgic,trial18,left,0
subject11,antalgic,trial18,right,2
subject11,antalgic,trial19,left,2
subject11,antalgic,trial19,right,2
subject11,antalgic,trial1,left,0
subject11,antalgic,trial1,right,2
subject11,antalgic,trial20,left,0
subject11,antalgic,trial20,right,2
subject11,antalgic,trial2,left,1
subject11,antalgic,trial2,right,2
subject11,antalgic,trial3,right,2
subject11,antalgic,trial3,left,1
subject11,antalgic,trial4,left,2
subject11,antalgic,trial4,right,2
subject11,antalgic,trial5,left,2
subject11,antalgic,trial5,right,2
subject11,antalgic,trial6,left,2
subject11,antalgic,trial6,right,2
subject11,antalgic,trial7,left,2
subject11,antalgic,trial7,right,2
subject11,antalgic,trial8,right,2
subject11,antalgic,trial8,left,1
subject11,antalgic,trial9,left,2
subject11,antalgic,trial9,right,2
subject11,lurching,trial10,right,2
subject11,lurching,trial10,left,0
subject11,lurching,trial11,right,1
subject11,lurching,trial11,left,1
subject11,lurching,trial12,right,2
subject11,lurching,trial12,left,2
subject11,lurching,trial13,right,1
subject11,lurching,trial13,left,2
subject11,lurching,trial14,right,1
subject11,lurching,trial14,left,1
subject11,lurching,trial15,right,2
subject11,lurching,trial15,left,0
subject11,lurching,trial16,right,2
subject11,lurching,trial16,left,2
subject11,lurching,trial17,right,2
subject11,lurching,trial17,left,2
subject11,lurching,trial18,right,2
subject11,lurching,trial18,left,1
subject11,lurching,trial19,right,2
subject11,lurching,trial19,left,0
subject11,lurching,trial1,right,1
subject11,lurching,trial1,left,0
subject11,lurching,trial20,right,2
subject11,lurching,trial20,left,1
subject11,lurching,trial2,right,2
subject11,lurching,trial2,left,1
subject11,lurching,trial3,right,1
subject11,lurching,trial3,left,1
subject11,lurching,trial4,right,2
subject11,lurching,trial4,left,1
subject11,lurching,trial5,right,0
subject11,lurching,trial5,left,0
subject11,lurching,trial6,right,1
subject11,lurching,trial6,left,0
subject11,lurching,trial7,right,2
subject11,lurching,trial7,left,2
subject11,lurching,trial8,right,2
subject11,lurching,trial8,left,0
subject11,lurching,trial9,right,2
subject11,lurching,trial9,left,1
subject11,normal,trial10,right,0
subject11,normal,trial10,left,0
subject11,normal,trial11,right,0
subject11,normal,trial11,left,1
subject11,normal,trial12,right,1
subject11,normal,trial12,left,1
subject11,normal,trial13,right,2
subject11,normal,trial13,left,2
subject11,normal,trial14,right,2
subject11,normal,trial14,left,1
subject11,normal,trial15,left,2
subject11,normal,trial15,right,0
subject11,normal,trial16,right,2
subject11,normal,trial16,left,1
subject11,normal,trial17,right,1
subject11,normal,trial17,left,1
subject11,normal,trial18,right,1
subject11,normal,trial18,left,2
subject11,normal,trial19,right,2
subject11,normal,trial19,left,1
subject11,normal,trial1,right,2
subject11,normal,trial1,left,1
subject11,normal,trial20,right,2
subject11,normal,trial20,left,1
subject11,normal,trial2,right,1
subject11,normal,trial2,left,1
subject11,normal,trial3,right,1
subject11,normal,trial3,left,2
subject11,normal,trial4,right,0
subject11,normal,trial4,left,1
subject11,normal,trial5,right,0
subject11,normal,trial5,left,1
subject11,normal,trial6,right,1
subject11,normal,trial6,left,2
subject11,normal,trial7,right,1
subject11,normal,trial7,left,0
subject11,normal,trial8,right,1
subject11,normal,trial8,left,0
subject11,normal,trial9,right,0
subject11,normal,trial9,left,1
subject11,steppage,trial10,right,2
subject11,steppage,trial10,left,2
subject11,steppage,trial11,right,2
subject11,steppage,trial11,left,2
subject11,steppage,trial12,right,0
subject11,steppage,trial12,left,2
subject11,steppage,trial13,right,2
subject11,steppage,trial13,left,2
subject11,steppage,trial14,right,1
subject11,steppage,trial14,left,2
subject11,steppage,trial15,left,1
subject11,steppage,trial15,right,2
subject11,steppage,trial16,right,0
subject11,steppage,trial16,left,2
subject11,steppage,trial17,right,1
subject11,steppage,trial17,left,2
subject11,steppage,trial18,left,2
subject11,steppage,trial18,right,2
subject11,steppage,trial19,left,2
subject11,steppage,trial19,right,2
subject11,steppage,trial1,right,1
subject11,steppage,trial1,left,1
subject11,steppage,trial20,right,1
subject11,steppage,trial20,left,2
subject11,steppage,trial2,right,2
subject11,steppage,trial2,left,1
subject11,steppage,trial3,right,2
subject11,steppage,trial3,left,2
subject11,steppage,trial4,left,2
subject11,steppage,trial4,right,2
subject11,steppage,trial5,right,0
subject11,steppage,trial5,left,1
subject11,steppage,trial6,left,1
subject11,steppage,trial6,right,2
subject11,steppage,trial7,right,2
subject11,steppage,trial7,left,2
subject11,steppage,trial8,right,2
subject11,steppage,trial8,left,2
subject11,steppage,trial9,right,1
subject11,steppage,trial9,left,2
subject11,stiff-legged,trial10,left,0
subject11,stiff-legged,trial10,right,2
subject11,stiff-legged,trial11,right,2
subject11,stiff-legged,trial11,left,0
subject11,stiff-legged,trial12,right,2
subject11,stiff-legged,trial12,left,2
subject11,stiff-legged,trial13,left,0
subject11,stiff-legged,trial13,right,2
subject11,stiff-legged,trial14,left,0
subject11,stiff-legged,trial14,right,2
subject11,stiff-legged,trial15,right,2
subject11,stiff-legged,trial15,left,1
subject11,stiff-legged,trial16,left,2
subject11,stiff-legged,trial16,right,2
subject11,stiff-legged,trial17,right,2
subject11,stiff-legged,trial17,left,0
subject11,stiff-legged,trial18,left,0
subject11,stiff-legged,trial18,right,2
subject11,stiff-legged,trial19,left,0
subject11,stiff-legged,trial19,right,2
subject11,stiff-legged,trial1,right,2
subject11,stiff-legged,trial1,left,0
subject11,stiff-legged,trial20,left,0
subject11,stiff-legged,trial20,right,2
subject11,stiff-legged,trial2,left,0
subject11,stiff-legged,trial2,right,2
subject11,stiff-legged,trial3,left,0
subject11,stiff-legged,trial3,right,2
subject11,stiff-legged,trial4,left,1
subject11,stiff-legged,trial4,right,2
subject11,stiff-legged,trial5,left,0
subject11,stiff-legged,trial5,right,2
subject11,stiff-legged,trial6,left,0
subject11,stiff-legged,trial6,right,2
subject11,stiff-legged,trial7,left,0
subject11,stiff-legged,trial7,right,2
subject11,stiff-legged,trial8,right,2
subject11,stiff-legged,trial8,left,0
subject11,stiff-legged,trial9,left,0
subject11,stiff-legged,trial9,right,2
subject11,trendelenburg,trial10,left,1
subject11,trendelenburg,trial10,right,2
subject11,trendelenburg,trial11,left,1
subject11,trendelenburg,trial11,right,1
subject11,trendelenburg,trial12,left,0
subject11,trendelenburg,trial12,right,2
subject11,trendelenburg,trial13,right,1
subject11,trendelenburg,trial13,left,1
subject11,trendelenburg,trial14,left,1
subject11,trendelenburg,trial14,right,1
subject11,trendelenburg,trial15,left,1
subject11,trendelenburg,trial15,right,1
subject11,trendelenburg,trial16,left,1
subject11,trendelenburg,trial16,right,2
subject11,trendelenburg,trial17,left,2
subject11,trendelenburg,trial17,right,1
subject11,trendelenburg,trial18,left,1
subject11,trendelenburg,trial18,right,1
subject11,trendelenburg,trial19,left,2
subject11,trendelenburg,trial19,right,1
subject11,trendelenburg,trial1,left,2
subject11,trendelenburg,trial1,right,1
subject11,trendelenburg,trial20,left,2
subject11,trendelenburg,trial20,right,2
subject11,trendelenburg,trial2,left,1
subject11,trendelenburg,trial2,right,0
subject11,trendelenburg,trial3,left,0
subject11,trendelenburg,trial3,right,0
subject11,trendelenburg,trial4,left,2
subject11,trendelenburg,trial4,right,1
subject11,trendelenburg,trial5,left,2
subject11,trendelenburg,trial5,right,1
subject11,trendelenburg,trial6,left,1
subject11,trendelenburg,trial6,right,1
subject11,trendelenburg,trial7,left,1
subject11,trendelenburg,trial7,right,0
subject11,trendelenburg,trial8,left,0
subject11,trendelenburg,trial8,right,1
subject11,trendelenburg,trial9,left,1
subject11,trendelenburg,trial9,right,2
subject12,antalgic,trial10,right,1
subject12,antalgic,trial10,left,2
subject12,antalgic,trial11,right,0
subject12,antalgic,trial11,left,1
subject12,antalgic,trial12,right,0
subject12,antalgic,trial12,left,2
subject12,antalgic,trial13,right,2
subject12,antalgic,trial13,left,2
subject12,antalgic,trial14,left,2
subject12,antalgic,trial14,right,2
subject12,antalgic,trial15,right,0
subject12,antalgic,trial15,left,2
subject12,antalgic,trial16,right,2
subject12,antalgic,trial16,left,2
subject12,antalgic,trial17,right,2
subject12,antalgic,trial17,left,2
subject12,antalgic,trial18,right,0
subject12,antalgic,trial18,left,1
subject12,antalgic,trial19,right,0
subject12,antalgic,trial19,left,2
subject12,antalgic,trial1,right,0
subject12,antalgic,trial1,left,2
subject12,antalgic,trial20,left,1
subject12,antalgic,trial20,right,2
subject12,antalgic,trial2,right,2
subject12,antalgic,trial2,left,2
subject12,antalgic,trial3,right,1
subject12,antalgic,trial3,left,1
subject12,antalgic,trial4,left,2
subject12,antalgic,trial4,right,2
subject12,antalgic,trial5,right,0
subject12,antalgic,trial5,left,2
subject12,antalgic,trial6,right,0
subject12,antalgic,trial6,left,2
subject12,antalgic,trial7,left,2
subject12,antalgic,trial7,right,2
subject12,antalgic,trial8,right,1
subject12,antalgic,trial8,left,2
subject12,antalgic,trial9,right,0
subject12,antalgic,trial9,left,2
subject12,lurching,trial10,left,2
subject12,lurching,trial10,right,2
subject12,lurching,trial11,left,2
subject12,lurching,trial11,right,2
subject12,lurching,trial12,left,2
subject12,lurching,trial12,right,2
subject12,lurching,trial13,right,1
subject12,lurching,trial13,left,2
subject12,lurching,trial14,left,2
subject12,lurching,trial14,right,2
subject12,lurching,trial15,right,2
subject12,lurching,trial15,left,2
subject12,lurching,trial16,left,2
subject12,lurching,trial16,right,2
subject12,lurching,trial17,left,2
subject12,lurching,trial17,right,2
subject12,lurching,trial18,left,2
subject12,lurching,trial18,right,2
subject12,lurching,trial19,right,1
subject12,lurching,trial19,left,2
subject12,lurching,trial1,right,2
subject12,lurching,trial1,left,2
subject12,lurching,trial20,left,2
subject12,lurching,trial20,right,2
subject12,lurching,trial2,left,1
subject12,lurching,trial2,right,2
subject12,lurching,trial3,left,2
subject12,lurching,trial3,right,2
subject12,lurching,trial4,left,1
subject12,lurching,trial4,right,1
subject12,lurching,trial5,left,2
subject12,lurching,trial5,right,2
subject12,lurching,trial6,right,2
subject12,lurching,trial6,left,2
subject12,lurching,trial7,right,2
subject12,lurching,trial7,left,2
subject12,lurching,trial8,left,2
subject12,lurching,trial8,right,1
subject12,lurching,trial9,left,2
subject12,lurching,trial9,right,2
subject12,normal,trial10,left,2
subject12,normal,trial10,right,2
subject12,normal,trial11,left,2
subject12,normal,trial11,right,2
subject12,normal,trial12,left,2
subject12,normal,trial12,right,2
subject12,normal,trial13,right,1
subject12,normal,trial13,left,2
subject12,normal,trial14,right,2
subject12,normal,trial14,left,2
subject12,normal,trial15,right,2
subject12,normal,trial15,left,2
subject12,normal,trial16,left,2
subject12,normal,trial16,right,2
subject12,normal,trial17,right,1
subject12,normal,trial17,left,2
subject12,normal,trial18,right,0
subject12,normal,trial18,left,2
subject12,normal,trial19,left,1
subject12,normal,trial19,right,2
subject12,normal,trial1,right,2
subject12,normal,trial1,left,2
subject12,normal,trial20,left,2
subject12,normal,trial20,right,2
subject12,normal,trial2,left,2
subject12,normal,trial2,right,2
subject12,normal,trial3,left,1
subject12,normal,trial3,right,2
subject12,normal,trial4,left,1
subject12,normal,trial4,right,2
subject12,normal,trial5,right,2
subject12,normal,trial5,left,2
subject12,normal,trial6,left,2
subject12,normal,trial6,right,2
subject12,normal,trial7,right,2
subject12,normal,trial7,left,1
subject12,normal,trial8,left,2
subject12,normal,trial8,right,2
subject12,normal,trial9,right,1
subject12,normal,trial9,left,2
subject12,steppage,trial10,right,1
subject12,steppage,trial10,left,1
subject12,steppage,trial11,right,2
subject12,steppage,trial11,left,2
subject12,steppage,trial12,left,1
subject12,steppage,trial12,right,2
subject12,steppage,trial13,left,2
subject12,steppage,trial13,right,2
subject12,steppage,trial14,left,1
subject12,steppage,trial14,right,2
subject12,steppage,trial15,right,1
subject12,steppage,trial15,left,2
subject12,steppage,trial16,right,2
subject12,steppage,trial16,left,2
subject12,steppage,trial17,left,2
subject12,steppage,trial17,right,2
subject12,steppage,trial18,right,2
subject12,steppage,trial18,left,2
subject12,steppage,trial19,left,1
subject12,steppage,trial19,right,2
subject12,steppage,trial1,right,2
subject12,steppage,trial1,left,2
subject12,steppage,trial20,right,2
subject12,steppage,trial20,left,2
subject12,steppage,trial2,left,2
subject12,steppage,trial2,right,2
subject12,steppage,trial3,right,2
subject12,steppage,trial3,left,2
subject12,steppage,trial4,left,2
subject12,steppage,trial4,right,2
subject12,steppage,trial5,left,2
subject12,steppage,trial5,right,2
subject12,steppage,trial6,right,2
subject12,steppage,trial6,left,2
subject12,steppage,trial7,right,2
subject12,steppage,trial7,left,2
subject12,steppage,trial8,right,2
subject12,steppage,trial8,left,2
subject12,steppage,trial9,right,2
subject12,steppage,trial9,left,2
subject12,stiff-legged,trial10,left,2
subject12,stiff-legged,trial10,right,2
subject12,stiff-legged,trial11,right,1
subject12,stiff-legged,trial11,left,2
subject12,stiff-legged,trial12,left,2
subject12,stiff-legged,trial12,right,2
subject12,stiff-legged,trial13,left,0
subject12,stiff-legged,trial13,right,2
subject12,stiff-legged,trial14,right,0
subject12,stiff-legged,trial14,left,2
subject12,stiff-legged,trial15,right,1
subject12,stiff-legged,trial15,left,2
subject12,stiff-legged,trial16,right,2
subject12,stiff-legged,trial16,left,2
subject12,stiff-legged,trial17,right,2
subject12,stiff-legged,trial17,left,2
subject12,stiff-legged,trial18,right,0
subject12,stiff-legged,trial18,left,2
subject12,stiff-legged,trial19,left,1
subject12,stiff-legged,trial19,right,2
subject12,stiff-legged,trial1,right,0
subject12,stiff-legged,trial1,left,2
subject12,stiff-legged,trial20,right,2
subject12,stiff-legged,trial20,left,2
subject12,stiff-legged,trial2,right,1
subject12,stiff-legged,trial2,left,2
subject12,stiff-legged,trial3,left,1
subject12,stiff-legged,trial3,right,2
subject12,stiff-legged,trial4,right,2
subject12,stiff-legged,trial4,left,2
subject12,stiff-legged,trial5,left,2
subject12,stiff-legged,trial5,right,2
subject12,stiff-legged,trial6,right,2
subject12,stiff-legged,trial6,left,2
subject12,stiff-legged,trial7,left,2
subject12,stiff-legged,trial7,right,2
subject12,stiff-legged,trial8,left,2
subject12,stiff-legged,trial8,right,2
subject12,stiff-legged,trial9,right,2
subject12,stiff-legged,trial9,left,2
subject12,trendelenburg,trial10,left,1
subject12,trendelenburg,trial10,right,2
subject12,trendelenburg,trial11,right,2
subject12,trendelenburg,trial11,left,1
subject12,trendelenburg,trial12,right,1
subject12,trendelenburg,trial12,left,2
subject12,trendelenburg,trial13,left,1
subject12,trendelenburg,trial13,right,2
subject12,trendelenburg,trial14,right,2
subject12,trendelenburg,trial14,left,2
subject12,trendelenburg,trial15,right,2
subject12,trendelenburg,trial15,left,2
subject12,trendelenburg,trial16,left,2
subject12,trendelenburg,trial16,right,2
subject12,trendelenburg,trial17,right,2
subject12,trendelenburg,trial17,left,2
subject12,trendelenburg,trial18,left,0
subject12,trendelenburg,trial18,right,2
subject12,trendelenburg,trial19,left,0
subject12,trendelenburg,trial19,right,2
subject12,trendelenburg,trial1,right,1
subject12,trendelenburg,trial1,left,1
subject12,trendelenburg,trial20,left,1
subject12,trendelenburg,trial20,right,2
subject12,trendelenburg,trial2,left,1
subject12,trendelenburg,trial2,right,2
subject12,trendelenburg,trial3,right,1
subject12,trendelenburg,trial3,left,0
subject12,trendelenburg,trial4,right,2
subject12,trendelenburg,trial4,left,1
subject12,trendelenburg,trial5,left,1
subject12,trendelenburg,trial5,right,2
subject12,trendelenburg,trial6,left,1
subject12,trendelenburg,trial6,right,1
subject12,trendelenburg,trial7,left,2
subject12,trendelenburg,trial7,right,2
subject12,trendelenburg,trial8,right,2
subject12,trendelenburg,trial8,left,0
subject12,trendelenburg,trial9,right,2
subject12,trendelenburg,trial9,left,1
subject1,antalgic,trial10,left,0
subject1,antalgic,trial10,right,1
subject1,antalgic,trial11,right,2
subject1,antalgic,trial11,left,2
subject1,antalgic,trial12,left,1
subject1,antalgic,trial12,right,2
subject1,antalgic,trial13,left,1
subject1,antalgic,trial13,right,2
subject1,antalgic,trial14,left,1
subject1,antalgic,trial14,right,2
subject1,antalgic,trial15,right,2
subject1,antalgic,trial15,left,2
subject1,antalgic,trial16,right,1
subject1,antalgic,trial16,left,1
subject1,antalgic,trial17,right,2
subject1,antalgic,trial17,left,1
subject1,antalgic,trial18,right,2
subject1,antalgic,trial18,left,1
subject1,antalgic,trial19,right,1
subject1,antalgic,trial19,left,0
subject1,antalgic,trial20,right,2
subject1,antalgic,trial20,left,0
subject1,antalgic,trial2,right,0
subject1,antalgic,trial2,left,1
subject1,antalgic,trial3,left,2
subject1,antalgic,trial3,right,2
subject1,antalgic,trial4,right,1
subject1,antalgic,trial4,left,2
subject1,antalgic,trial5,right,1
subject1,antalgic,trial5,left,1
subject1,antalgic,trial6,left,0
subject1,antalgic,trial6,right,2
subject1,antalgic,trial7,left,1
subject1,antalgic,trial7,right,2
subject1,antalgic,trial8,left,0
subject1,antalgic,trial8,right,2
subject1,antalgic,trial9,right,2
subject1,antalgic,trial9,left,1
subject1,lurching,trial10,right,2
subject1,lurching,trial10,left,1
subject1,lurching,trial11,right,2
subject1,lurching,trial11,left,1
subject1,lurching,trial12,right,2
subject1,lurching,trial12,left,0
subject1,lurching,trial13,right,2
subject1,lurching,trial13,left,1
subject1,lurching,trial14,right,2
subject1,lurching,trial14,left,2
subject1,lurching,trial15,right,2
subject1,lurching,trial15,left,2
subject1,lurching,trial16,right,2
subject1,lurching,trial16,left,1
subject1,lurching,trial17,right,1
subject1,lurching,trial17,left,0
subject1,lurching,trial18,right,2
subject1,lurching,trial18,left,1
subject1,lurching,trial19,right,2
subject1,lurching,trial19,left,1
subject1,lurching,trial1,right,2
subject1,lurching,trial1,left,2
subject1,lurching,trial20,right,2
subject1,lurching,trial20,left,1
subject1,lurching,trial2,right,2
subject1,lurching,trial2,left,2
subject1,lurching,trial3,right,2
subject1,lurching,trial3,left,2
subject1,lurching,trial4,left,2
subject1,lurching,trial4,right,2
subject1,lurching,trial5,right,2
subject1,lurching,trial5,left,2
subject1,lurching,trial6,right,2
subject1,lurching,trial6,left,0
subject1,lurching,trial7,left,2
subject1,lurching,trial7,right,0
subject1,lurching,trial8,right,1
subject1,lurching,trial8,left,1
subject1,lurching,trial9,right,2
subject1,lurching,trial9,left,2
subject1,normal,trial10,right,1
subject1,normal,trial10,left,1
subject1,normal,trial11,left,1
subject1,normal,trial11,right,1
subject1,normal,trial12,right,2
subject1,normal,trial12,left,2
subject1,normal,trial13,right,1
subject1,normal,trial13,left,0
subject1,normal,trial14,left,1
subject1,normal,trial14,right,0
subject1,normal,trial15,left,1
subject1,normal,trial15,right,0
subject1,normal,trial16,right,2
subject1,normal,trial16,left,1
subject1,normal,trial17,right,1
subject1,normal,trial17,left,0
subject1,normal,trial18,left,2
subject1,normal,trial18,right,2
subject1,normal,trial19,right,0
subject1,normal,trial19,left,1
subject1,normal,trial1,right,1
subject1,normal,trial1,left,2
subject1,normal,trial20,left,1
subject1,normal,trial20,right,2
subject1,normal,trial2,right,2
subject1,normal,trial2,left,2
subject1,normal,trial3,left,1
subject1,normal,trial3,right,2
subject1,normal,trial4,left,1
subject1,normal,trial4,right,1
subject1,normal,trial5,right,1
subject1,normal,trial5,left,2
subject1,normal,trial6,left,2
subject1,normal,trial6,right,2
subject1,normal,trial7,right,2
subject1,normal,trial7,left,2
subject1,normal,trial8,left,2
subject1,normal,trial8,right,2
subject1,normal,trial9,right,2
subject1,normal,trial9,left,2
subject1,steppage,trial10,right,0
subject1,steppage,trial10,left,2
subject1,steppage,trial11,right,0
subject1,steppage,trial11,left,1
subject1,steppage,trial12,right,2
subject1,steppage,trial12,left,2
subject1,steppage,trial13,left,2
subject1,steppage,trial13,right,2
subject1,steppage,trial14,left,2
subject1,steppage,trial14,right,2
subject1,steppage,trial15,right,1
subject1,steppage,trial15,left,2
subject1,steppage,trial16,left,2
subject1,steppage,trial16,right,2
subject1,steppage,trial17,left,2
subject1,steppage,trial17,right,2
subject1,steppage,trial18,right,0
subject1,steppage,trial18,left,1
subject1,steppage,trial19,right,2
subject1,steppage,trial19,left,2
subject1,steppage,trial1,left,2
subject1,steppage,trial1,right,2
subject1,steppage,trial20,left,1
subject1,steppage,trial20,right,2
subject1,steppage,trial2,right,1
subject1,steppage,trial2,left,2
subject1,steppage,trial3,right,2
subject1,steppage,trial3,left,2
subject1,steppage,trial4,right,1
subject1,steppage,trial4,left,2
subject1,steppage,trial5,right,2
subject1,steppage,trial5,left,1
subject1,steppage,trial6,right,2
subject1,steppage,trial6,left,2
subject1,steppage,trial7,right,2
subject1,steppage,trial7,left,0
subject1,steppage,trial8,right,1
subject1,steppage,trial8,left,2
subject1,steppage,trial9,left,2
subject1,steppage,trial9,right,2
subject1,stiff-legged,trial10,right,2
subject1,stiff-legged,trial10,left,2
subject1,stiff-legged,trial11,left,1
subject1,stiff-legged,trial11,right,2
subject1,stiff-legged,trial12,left,2
subject1,stiff-legged,trial12,right,2
subject1,stiff-legged,trial13,left,1
subject1,stiff-legged,trial13,right,0
subject1,stiff-legged,trial14,left,1
subject1,stiff-legged,trial14,right,2
subject1,stiff-legged,trial15,left,1
subject1,stiff-legged,trial15,right,2
subject1,stiff-legged,trial16,right,2
subject1,stiff-legged,trial16,left,2
subject1,stiff-legged,trial17,right,2
subject1,stiff-legged,trial17,left,2
subject1,stiff-legged,trial18,left,2
subject1,stiff-legged,trial18,right,1
subject1,stiff-legged,trial19,left,1
subject1,stiff-legged,trial19,right,2
subject1,stiff-legged,trial1,right,2
subject1,stiff-legged,trial1,left,2
subject1,stiff-legged,trial20,left,1
subject1,stiff-legged,trial20,right,2
subject1,stiff-legged,trial2,left,1
subject1,stiff-legged,trial2,right,2
subject1,stiff-legged,trial3,left,1
subject1,stiff-legged,trial3,right,2
subject1,stiff-legged,trial4,left,1
subject1,stiff-legged,trial4,right,2
subject1,stiff-legged,trial5,left,0
subject1,stiff-legged,trial5,right,2
subject1,stiff-legged,trial6,left,2
subject1,stiff-legged,trial6,right,0
subject1,stiff-legged,trial7,left,2
subject1,stiff-legged,trial7,right,2
subject1,stiff-legged,trial8,left,1
subject1,stiff-legged,trial8,right,2
subject1,stiff-legged,trial9,left,1
subject1,stiff-legged,trial9,right,2
subject1,trendelenburg,trial10,right,2
subject1,trendelenburg,trial10,left,2
subject1,trendelenburg,trial11,left,2
subject1,trendelenburg,trial11,right,1
subject1,trendelenburg,trial12,right,2
subject1,trendelenburg,trial12,left,2
subject1,trendelenburg,trial13,right,2
subject1,trendelenburg,trial13,left,1
subject1,trendelenburg,trial14,right,2
subject1,trendelenburg,trial14,left,2
subject1,trendelenburg,trial15,left,1
subject1,trendelenburg,trial15,right,1
subject1,trendelenburg,trial16,right,2
subject1,trendelenburg,trial16,left,2
subject1,trendelenburg,trial17,left,2
subject1,trendelenburg,trial17,right,2
subject1,trendelenburg,trial18,right,2
subject1,trendelenburg,trial18,left,2
subject1,trendelenburg,trial19,right,2
subject1,trendelenburg,trial19,left,2
subject1,trendelenburg,trial1,right,2
subject1,trendelenburg,trial1,left,2
subject1,trendelenburg,trial20,right,2
subject1,trendelenburg,trial20,left,2
subject1,trendelenburg,trial2,right,2
subject1,trendelenburg,trial2,left,2
subject1,trendelenburg,trial3,right,2
subject1,trendelenburg,trial3,left,2
subject1,trendelenburg,trial4,left,2
subject1,trendelenburg,trial4,right,1
subject1,trendelenburg,trial5,right,2
subject1,trendelenburg,trial5,left,2
subject1,trendelenburg,trial6,left,2
subject1,trendelenburg,trial6,right,0
subject1,trendelenburg,trial7,left,2
subject1,trendelenburg,trial7,right,2
subject1,trendelenburg,trial8,left,2
subject1,trendelenburg,trial8,right,2
subject1,trendelenburg,trial9,right,2
subject1,trendelenburg,trial9,left,2
subject2,antalgic,trial10,left,2
subject2,antalgic,trial10,right,2
subject2,antalgic,trial11,right,0
subject2,antalgic,trial11,left,2
subject2,antalgic,trial12,right,0
subject2,antalgic,trial12,left,2
subject2,antalgic,trial13,right,0
subject2,antalgic,trial13,left,2
subject2,antalgic,trial14,right,0
subject2,antalgic,trial14,left,1
subject2,antalgic,trial15,left,2
subject2,antalgic,trial15,right,2
subject2,antalgic,trial16,right,2
subject2,antalgic,trial16,left,2
subject2,antalgic,trial17,right,0
subject2,antalgic,trial17,left,2
subject2,antalgic,trial18,right,0
subject2,antalgic,trial18,left,2
subject2,antalgic,trial19,right,1
subject2,antalgic,trial19,left,0
subject2,antalgic,trial1,right,0
subject2,antalgic,trial1,left,1
subject2,antalgic,trial20,right,0
subject2,antalgic,trial20,left,2
subject2,antalgic,trial2,right,0
subject2,antalgic,trial2,left,2
subject2,antalgic,trial3,right,0
subject2,antalgic,trial3,left,2
subject2,antalgic,trial4,right,0
subject2,antalgic,trial4,left,1
subject2,antalgic,trial5,right,0
subject2,antalgic,trial5,left,2
subject2,antalgic,trial6,right,0
subject2,antalgic,trial6,left,2
subject2,antalgic,trial7,right,1
subject2,antalgic,trial7,left,2
subject2,antalgic,trial8,left,2
subject2,antalgic,trial8,right,2
subject2,antalgic,trial9,right,0
subject2,antalgic,trial9,left,1
subject2,lurching,trial10,right,1
subject2,lurching,trial10,left,0
subject2,lurching,trial11,right,1
subject2,lurching,trial11,left,2
subject2,lurching,trial12,left,1
subject2,lurching,trial12,right,2
subject2,lurching,trial13,right,1
subject2,lurching,trial13,left,1
subject2,lurching,trial14,right,2
subject2,lurching,trial14,left,0
subject2,lurching,trial15,right,0
subject2,lurching,trial15,left,0
subject2,lurching,trial16,right,1
subject2,lurching,trial16,left,1
subject2,lurching,trial17,right,0
subject2,lurching,trial17,left,0
subject2,lurching,trial18,left,1
subject2,lurching,trial18,right,2
subject2,lurching,trial19,right,2
subject2,lurching,trial19,left,2
subject2,lurching,trial1,right,2
subject2,lurching,trial1,left,0
subject2,lurching,trial20,right,2
subject2,lurching,trial20,left,1
subject2,lurching,trial2,right,2
subject2,lurching,trial2,left,1
subject2,lurching,trial3,right,1
subject2,lurching,trial3,left,0
subject2,lurching,trial4,right,2
subject2,lurching,trial4,left,1
subject2,lurching,trial5,right,2
subject2,lurching,trial5,left,0
subject2,lurching,trial6,right,2
subject2,lurching,trial6,left,1
subject2,lurching,trial7,right,2
subject2,lurching,trial7,left,1
subject2,lurching,trial8,right,2
subject2,lurching,trial8,left,0
subject2,lurching,trial9,right,2
subject2,lurching,trial9,left,1
subject2,normal,trial10,right,2
subject2,normal,trial10,left,2
subject2,normal,trial11,left,2
subject2,normal,trial11,right,1
subject2,normal,trial12,left,2
subject2,normal,trial12,right,1
subject2,normal,trial13,right,1
subject2,normal,trial13,left,2
subject2,normal,trial14,left,2
subject2,normal,trial14,right,1
subject2,normal,trial15,left,2
subject2,normal,trial15,right,1
subject2,normal,trial16,right,2
subject2,normal,trial16,left,2
subject2,normal,trial17,right,2
subject2,normal,trial17,left,2
subject2,normal,trial18,right,1
subject2,normal,trial18,left,2
subject2,normal,trial19,right,1
subject2,normal,trial19,left,2
subject2,normal,trial1,left,1
subject2,normal,trial1,right,2
subject2,normal,trial20,right,1
subject2,normal,trial20,left,2
subject2,normal,trial2,left,1
subject2,normal,trial2,right,2
subject2,normal,trial3,right,1
subject2,normal,trial3,left,2
subject2,normal,trial4,left,2
subject2,normal,trial4,right,2
subject2,normal,trial5,left,2
subject2,normal,trial5,right,2
subject2,normal,trial6,right,2
subject2,normal,trial6,left,2
subject2,normal,trial7,right,1
subject2,normal,trial7,left,2
subject2,normal,trial8,right,2
subject2,normal,trial8,left,2
subject2,normal,trial9,right,1
subject2,normal,trial9,left,2
subject2,steppage,trial10,right,0
subject2,steppage,trial10,left,2
subject2,steppage,trial11,right,0
subject2,steppage,trial11,left,1
subject2,steppage,trial12,right,1
subject2,steppage,trial12,left,0
subject2,steppage,trial13,right,2
subject2,steppage,trial13,left,1
subject2,steppage,trial14,left,1
subject2,steppage,trial14,right,2
subject2,steppage,trial15,right,1
subject2,steppage,trial15,left,1
subject2,steppage,trial16,right,2
subject2,steppage,trial16,left,2
subject2,steppage,trial17,right,1
subject2,steppage,trial17,left,2
subject2,steppage,trial18,right,1
subject2,steppage,trial18,left,2
subject2,steppage,trial19,left,1
subject2,steppage,trial19,right,2
subject2,steppage,trial1,left,1
subject2,steppage,trial1,right,1
subject2,steppage,trial20,right,1
subject2,steppage,trial20,left,0
subject2,steppage,trial2,left,1
subject2,steppage,trial2,right,0
subject2,steppage,trial3,right,1
subject2,steppage,trial3,left,1
subject2,steppage,trial4,right,0
subject2,steppage,trial4,left,1
subject2,steppage,trial5,right,0
subject2,steppage,trial5,left,2
subject2,steppage,trial6,left,2
subject2,steppage,trial6,right,2
subject2,steppage,trial7,right,0
subject2,steppage,trial7,left,1
subject2,steppage,trial8,right,0
subject2,steppage,trial8,left,2
subject2,steppage,trial9,right,0
subject2,steppage,trial9,left,1
subject2,stiff-legged,trial10,left,2
subject2,stiff-legged,trial10,right,1
subject2,stiff-legged,trial11,left,2
subject2,stiff-legged,trial11,right,0
subject2,stiff-legged,trial12,left,1
subject2,stiff-legged,trial12,right,2
subject2,stiff-legged,trial13,left,0
subject2,stiff-legged,trial13,right,1
subject2,stiff-legged,trial14,left,0
subject2,stiff-legged,trial14,right,0
subject2,stiff-legged,trial15,left,1
subject2,stiff-legged,trial15,right,2
subject2,stiff-legged,trial16,left,1
subject2,stiff-legged,trial16,right,2
subject2,stiff-legged,trial17,left,2
subject2,stiff-legged,trial17,right,1
subject2,stiff-legged,trial18,right,0
subject2,stiff-legged,trial18,left,2
subject2,stiff-legged,trial19,left,2
subject2,stiff-legged,trial19,right,1
subject2,stiff-legged,trial1,left,1
subject2,stiff-legged,trial1,right,2
subject2,stiff-legged,trial20,left,2
subject2,stiff-legged,trial20,right,0
subject2,stiff-legged,trial2,left,1
subject2,stiff-legged,trial2,right,2
subject2,stiff-legged,trial3,left,1
subject2,stiff-legged,trial3,right,0
subject2,stiff-legged,trial4,right,1
subject2,stiff-legged,trial4,left,2
subject2,stiff-legged,trial5,left,1
subject2,stiff-legged,trial5,right,2
subject2,stiff-legged,trial6,left,0
subject2,stiff-legged,trial6,right,1
subject2,stiff-legged,trial7,left,2
subject2,stiff-legged,trial7,right,1
subject2,stiff-legged,trial8,left,0
subject2,stiff-legged,trial8,right,1
subject2,stiff-legged,trial9,left,1
subject2,stiff-legged,trial9,right,1
subject2,trendelenburg,trial10,right,2
subject2,trendelenburg,trial10,left,2
subject2,trendelenburg,trial11,right,2
subject2,trendelenburg,trial11,left,2
subject2,trendelenburg,trial12,right,2
subject2,trendelenburg,trial12,left,2
subject2,trendelenburg,trial13,right,2
subject2,trendelenburg,trial13,left,2
subject2,trendelenburg,trial14,left,2
subject2,trendelenburg,trial14,right,2
subject2,trendelenburg,trial15,right,2
subject2,trendelenburg,trial15,left,2
subject2,trendelenburg,trial16,right,2
subject2,trendelenburg,trial16,left,0
subject2,trendelenburg,trial17,right,2
subject2,trendelenburg,trial17,left,2
subject2,trendelenburg,trial18,right,1
subject2,trendelenburg,trial18,left,1
subject2,trendelenburg,trial19,right,2
subject2,trendelenburg,trial19,left,1
subject2,trendelenburg,trial1,right,2
subject2,trendelenburg,trial1,left,2
subject2,trendelenburg,trial20,right,2
subject2,trendelenburg,trial20,left,0
subject2,trendelenburg,trial2,right,1
subject2,trendelenburg,trial2,left,0
subject2,trendelenburg,trial3,right,2
subject2,trendelenburg,trial3,left,2
subject2,trendelenburg,trial4,right,2
subject2,trendelenburg,trial4,left,1
subject2,trendelenburg,trial5,right,2
subject2,trendelenburg,trial5,left,2
subject2,trendelenburg,trial6,right,2
subject2,trendelenburg,trial6,left,2
subject2,trendelenburg,trial7,right,1
subject2,trendelenburg,trial7,left,1
subject2,trendelenburg,trial8,right,2
subject2,trendelenburg,trial8,left,1
subject2,trendelenburg,trial9,left,2
subject2,trendelenburg,trial9,right,1
subject3,antalgic,trial10,right,2
subject3,antalgic,trial10,left,2
subject3,antalgic,trial11,right,2
subject3,antalgic,trial11,left,2
subject3,antalgic,trial12,right,2
subject3,antalgic,trial12,left,1
subject3,antalgic,trial13,right,2
subject3,antalgic,trial13,left,1
subject3,antalgic,trial14,right,2
subject3,antalgic,trial14,left,1
subject3,antalgic,trial15,right,2
subject3,antalgic,trial15,left,1
subject3,antalgic,trial16,right,2
subject3,antalgic,trial16,left,1
subject3,antalgic,trial17,right,2
subject3,antalgic,trial17,left,1
subject3,antalgic,trial18,right,0
subject3,antalgic,trial18,left,1
subject3,antalgic,trial19,right,1
subject3,antalgic,trial19,left,2
subject3,antalgic,trial1,right,2
subject3,antalgic,trial1,left,1
subject3,antalgic,trial20,right,1
subject3,antalgic,trial20,left,0
subject3,antalgic,trial2,right,1
subject3,antalgic,trial2,left,1
subject3,antalgic,trial3,right,2
subject3,antalgic,trial3,left,0
subject3,antalgic,trial4,right,2
subject3,antalgic,trial4,left,2
subject3,antalgic,trial5,right,2
subject3,antalgic,trial5,left,1
subject3,antalgic,trial6,right,2
subject3,antalgic,trial6,left,0
subject3,antalgic,trial7,right,2
subject3,antalgic,trial7,left,0
subject3,antalgic,trial8,right,2
subject3,antalgic,trial8,left,1
subject3,antalgic,trial9,right,2
subject3,antalgic,trial9,left,0
subject3,lurching,trial10,left,2
subject3,lurching,trial10,right,2
subject3,lurching,trial11,left,2
subject3,lurching,trial11,right,2
subject3,lurching,trial12,left,1
subject3,lurching,trial12,right,0
subject3,lurching,trial13,left,2
subject3,lurching,trial13,right,2
subject3,lurching,trial14,left,1
subject3,lurching,trial14,right,2
subject3,lurching,trial15,left,2
subject3,lurching,trial15,right,2
subject3,lurching,trial16,left,2
subject3,lurching,trial16,right,0
subject3,lurching,trial17,left,2
subject3,lurching,trial17,right,2
subject3,lurching,trial18,left,0
subject3,lurching,trial18,right,1
subject3,lurching,trial19,left,1
subject3,lurching,trial19,right,0
subject3,lurching,trial1,left,2
subject3,lurching,trial1,right,0
subject3,lurching,trial20,left,2
subject3,lurching,trial20,right,2
subject3,lurching,trial2,left,1
subject3,lurching,trial2,right,0
subject3,lurching,trial3,left,2
subject3,lurching,trial3,right,1
subject3,lurching,trial4,left,2
subject3,lurching,trial4,right,2
subject3,lurching,trial5,left,2
subject3,lurching,trial5,right,1
subject3,lurching,trial6,left,2
subject3,lurching,trial6,right,1
subject3,lurching,trial7,left,1
subject3,lurching,trial7,right,2
subject3,lurching,trial8,left,1
subject3,lurching,trial8,right,1
subject3,lurching,trial9,left,2
subject3,lurching,trial9,right,2
subject3,normal,trial10,left,2
subject3,normal,trial10,right,2
subject3,normal,trial11,left,2
subject3,normal,trial11,right,2
subject3,normal,trial12,left,2
subject3,normal,trial12,right,2
subject3,normal,trial13,right,2
subject3,normal,trial13,left,2
subject3,normal,trial14,left,2
subject3,normal,trial14,right,2
subject3,normal,trial15,right,2
subject3,normal,trial15,left,2
subject3,normal,trial16,left,1
subject3,normal,trial16,right,2
subject3,normal,trial17,right,2
subject3,normal,trial17,left,2
subject3,normal,trial18,left,2
subject3,normal,trial18,right,2
subject3,normal,trial19,left,1
subject3,normal,trial19,right,2
subject3,normal,trial1,left,2
subject3,normal,trial1,right,1
subject3,normal,trial20,left,2
subject3,normal,trial20,right,2
subject3,normal,trial2,left,1
subject3,normal,trial2,right,0
subject3,normal,trial3,left,2
subject3,normal,trial3,right,2
subject3,normal,trial4,right,2
subject3,normal,trial4,left,0
subject3,normal,trial5,left,2
subject3,normal,trial5,right,2
subject3,normal,trial6,left,2
subject3,normal,trial6,right,2
subject3,normal,trial7,right,2
subject3,normal,trial7,left,1
subject3,normal,trial8,right,2
subject3,normal,trial8,left,1
subject3,normal,trial9,right,2
subject3,normal,trial9,left,2
subject3,steppage,trial10,right,2
subject3,steppage,trial10,left,2
subject3,steppage,trial11,left,1
subject3,steppage,trial11,right,0
subject3,steppage,trial12,right,2
subject3,steppage,trial12,left,2
subject3,steppage,trial13,right,2
subject3,steppage,trial13,left,2
subject3,steppage,trial14,left,2
subject3,steppage,trial14,right,2
subject3,steppage,trial15,left,2
subject3,steppage,trial15,right,2
subject3,steppage,trial16,right,2
subject3,steppage,trial16,left,1
subject3,steppage,trial17,left,2
subject3,steppage,trial17,right,2
subject3,steppage,trial18,right,2
subject3,steppage,trial18,left,2
subject3,steppage,trial19,left,2
subject3,steppage,trial19,right,2
subject3,steppage,trial1,right,2
subject3,steppage,trial1,left,1
subject3,steppage,trial20,right,0
subject3,steppage,trial20,left,2
subject3,steppage,trial2,right,2
subject3,steppage,trial2,left,2
subject3,steppage,trial3,left,2
subject3,steppage,trial3,right,2
subject3,steppage,trial4,left,2
subject3,steppage,trial4,right,2
subject3,steppage,trial5,right,2
subject3,steppage,trial5,left,2
subject3,steppage,trial6,left,0
subject3,steppage,trial6,right,0
subject3,steppage,trial7,right,2
subject3,steppage,trial7,left,2
subject3,steppage,trial8,right,2
subject3,steppage,trial8,left,2
subject3,steppage,trial9,right,2
subject3,steppage,trial9,left,2
subject3,stiff-legged,trial10,left,2
subject3,stiff-legged,trial10,right,0
subject3,stiff-legged,trial11,left,2
subject3,stiff-legged,trial11,right,1
subject3,stiff-legged,trial12,left,0
subject3,stiff-legged,trial12,right,2
subject3,stiff-legged,trial13,left,2
subject3,stiff-legged,trial13,right,2
subject3,stiff-legged,trial14,left,2
subject3,stiff-legged,trial14,right,2
subject3,stiff-legged,trial15,left,2
subject3,stiff-legged,trial15,right,2
subject3,stiff-legged,trial16,left,2
subject3,stiff-legged,trial16,right,2
subject3,stiff-legged,trial17,left,2
subject3,stiff-legged,trial17,right,1
subject3,stiff-legged,trial18,left,2
subject3,stiff-legged,trial18,right,0
subject3,stiff-legged,trial19,left,2
subject3,stiff-legged,trial19,right,0
subject3,stiff-legged,trial1,left,2
subject3,stiff-legged,trial1,right,1
subject3,stiff-legged,trial20,left,2
subject3,stiff-legged,trial20,right,0
subject3,stiff-legged,trial2,left,1
subject3,stiff-legged,trial2,right,2
subject3,stiff-legged,trial3,left,2
subject3,stiff-legged,trial3,right,0
subject3,stiff-legged,trial4,left,2
subject3,stiff-legged,trial4,right,2
subject3,stiff-legged,trial5,left,2
subject3,stiff-legged,trial5,right,0
subject3,stiff-legged,trial6,left,2
subject3,stiff-legged,trial6,right,0
subject3,stiff-legged,trial7,left,2
subject3,stiff-legged,trial7,right,2
subject3,stiff-legged,trial8,left,2
subject3,stiff-legged,trial8,right,0
subject3,stiff-legged,trial9,left,2
subject3,stiff-legged,trial9,right,2
subject3,trendelenburg,trial10,left,2
subject3,trendelenburg,trial10,right,0
subject3,trendelenburg,trial11,left,1
subject3,trendelenburg,trial11,right,1
subject3,trendelenburg,trial12,left,2
subject3,trendelenburg,trial12,right,1
subject3,trendelenburg,trial13,left,0
subject3,trendelenburg,trial13,right,1
subject3,trendelenburg,trial14,left,1
subject3,trendelenburg,trial14,right,2
subject3,trendelenburg,trial15,left,2
subject3,trendelenburg,trial15,right,2
subject3,trendelenburg,trial16,right,2
subject3,trendelenburg,trial16,left,2
subject3,trendelenburg,trial17,right,1
subject3,trendelenburg,trial17,left,2
subject3,trendelenburg,trial18,right,0
subject3,trendelenburg,trial18,left,2
subject3,trendelenburg,trial19,right,1
subject3,trendelenburg,trial19,left,1
subject3,trendelenburg,trial1,left,2
subject3,trendelenburg,trial1,right,1
subject3,trendelenburg,trial20,left,2
subject3,trendelenburg,trial20,right,2
subject3,trendelenburg,trial2,left,2
subject3,trendelenburg,trial2,right,2
subject3,trendelenburg,trial3,left,2
subject3,trendelenburg,trial3,right,2
subject3,trendelenburg,trial4,right,2
subject3,trendelenburg,trial4,left,2
subject3,trendelenburg,trial5,left,2
subject3,trendelenburg,trial5,right,2
subject3,trendelenburg,trial6,left,2
subject3,trendelenburg,trial6,right,0
subject3,trendelenburg,trial7,right,1
subject3,trendelenburg,trial7,left,2
subject3,trendelenburg,trial8,left,2
subject3,trendelenburg,trial8,right,2
subject3,trendelenburg,trial9,right,2
subject3,trendelenburg,trial9,left,2
subject4,antalgic,trial10,left,1
subject4,antalgic,trial10,right,2
subject4,antalgic,trial11,left,2
subject4,antalgic,trial11,right,2
subject4,antalgic,trial12,left,2
subject4,antalgic,trial12,right,2
subject4,antalgic,trial13,left,2
subject4,antalgic,trial13,right,2
subject4,antalgic,trial14,left,2
subject4,antalgic,trial14,right,2
subject4,antalgic,trial15,left,2
subject4,antalgic,trial15,right,2
subject4,antalgic,trial16,left,2
subject4,antalgic,trial16,right,2
subject4,antalgic,trial17,left,2
subject4,antalgic,trial17,right,2
subject4,antalgic,trial18,left,2
subject4,antalgic,trial18,right,2
subject4,antalgic,trial19,left,2
subject4,antalgic,trial19,right,2
subject4,antalgic,trial1,left,2
subject4,antalgic,trial1,right,2
subject4,antalgic,trial20,left,2
subject4,antalgic,trial20,right,2
subject4,antalgic,trial2,right,0
subject4,antalgic,trial2,left,1
subject4,antalgic,trial3,left,2
subject4,antalgic,trial3,right,2
subject4,antalgic,trial4,left,1
subject4,antalgic,trial4,right,2
subject4,antalgic,trial5,right,2
subject4,antalgic,trial5,left,2
subject4,antalgic,trial6,left,2
subject4,antalgic,trial6,right,2
subject4,antalgic,trial7,left,2
subject4,antalgic,trial7,right,2
subject4,antalgic,trial8,left,2
subject4,antalgic,trial8,right,2
subject4,antalgic,trial9,right,2
subject4,antalgic,trial9,left,2
subject4,lurching,trial10,left,1
subject4,lurching,trial10,right,2
subject4,lurching,trial11,right,2
subject4,lurching,trial11,left,2
subject4,lurching,trial12,right,2
subject4,lurching,trial12,left,1
subject4,lurching,trial13,left,0
subject4,lurching,trial13,right,2
subject4,lurching,trial14,right,1
subject4,lurching,trial14,left,2
subject4,lurching,trial15,left,2
subject4,lurching,trial15,right,2
subject4,lurching,trial16,right,2
subject4,lurching,trial16,left,1
subject4,lurching,trial17,right,2
subject4,lurching,trial17,left,1
subject4,lurching,trial18,right,2
subject4,lurching,trial18,left,2
subject4,lurching,trial19,right,2
subject4,lurching,trial19,left,2
subject4,lurching,trial1,right,2
subject4,lurching,trial1,left,2
subject4,lurching,trial20,right,1
subject4,lurching,trial20,left,0
subject4,lurching,trial2,left,2
subject4,lurching,trial2,right,2
subject4,lurching,trial3,left,2
subject4,lurching,trial3,right,2
subject4,lurching,trial4,left,2
subject4,lurching,trial4,right,2
subject4,lurching,trial5,right,1
subject4,lurching,trial5,left,0
subject4,lurching,trial6,right,2
subject4,lurching,trial6,left,2
subject4,lurching,trial7,right,0
subject4,lurching,trial7,left,2
subject4,lurching,trial8,left,1
subject4,lurching,trial8,right,2
subject4,lurching,trial9,right,2
subject4,lurching,trial9,left,2
subject4,normal,trial10,right,2
subject4,normal,trial10,left,2
subject4,normal,trial11,left,2
subject4,normal,trial11,right,1
subject4,normal,trial12,right,2
subject4,normal,trial12,left,2
subject4,normal,trial13,left,2
subject4,normal,trial13,right,2
subject4,normal,trial14,left,2
subject4,normal,trial14,right,2
subject4,normal,trial15,left,2
subject4,normal,trial15,right,2
subject4,normal,trial16,left,2
subject4,normal,trial16,right,2
subject4,normal,trial17,left,2
subject4,normal,trial17,right,2
subject4,normal,trial18,right,2
subject4,normal,trial18,left,2
subject4,normal,trial19,left,2
subject4,normal,trial19,right,2
subject4,normal,trial1,left,2
subject4,normal,trial1,right,2
subject4,normal,trial20,left,2
subject4,normal,trial20,right,2
subject4,normal,trial2,right,2
subject4,normal,trial2,left,2
subject4,normal,trial3,left,2
subject4,normal,trial3,right,2
subject4,normal,trial4,left,2
subject4,normal,trial4,right,2
subject4,normal,trial5,left,2
subject4,normal,trial5,right,2
subject4,normal,trial6,left,2
subject4,normal,trial6,right,2
subject4,normal,trial7,right,1
subject4,normal,trial7,left,2
subject4,normal,trial8,right,0
subject4,normal,trial8,left,2
subject4,normal,trial9,left,2
subject4,normal,trial9,right,2
subject4,steppage,trial10,left,1
subject4,steppage,trial10,right,2
subject4,steppage,trial11,left,2
subject4,steppage,trial11,right,0
subject4,steppage,trial12,left,1
subject4,steppage,trial12,right,1
subject4,steppage,trial13,right,2
subject4,steppage,trial13,left,2
subject4,steppage,trial14,left,2
subject4,steppage,trial14,right,2
subject4,steppage,trial15,right,0
subject4,steppage,trial15,left,2
subject4,steppage,trial16,left,2
subject4,steppage,trial16,right,2
subject4,steppage,trial17,right,1
subject4,steppage,trial17,left,1
subject4,steppage,trial18,right,2
subject4,steppage,trial18,left,1
subject4,steppage,trial19,left,2
subject4,steppage,trial19,right,2
subject4,steppage,trial1,left,2
subject4,steppage,trial1,right,2
subject4,steppage,trial20,left,0
subject4,steppage,trial20,right,2
subject4,steppage,trial2,right,2
subject4,steppage,trial2,left,2
subject4,steppage,trial3,left,2
subject4,steppage,trial3,right,2
subject4,steppage,trial4,left,2
subject4,steppage,trial4,right,2
subject4,steppage,trial5,left,2
subject4,steppage,trial5,right,2
subject4,steppage,trial6,left,1
subject4,steppage,trial6,right,2
subject4,steppage,trial7,left,2
subject4,steppage,trial7,right,2
subject4,steppage,trial8,right,2
subject4,steppage,trial8,left,2
subject4,steppage,trial9,left,2
subject4,steppage,trial9,right,2
subject4,stiff-legged,trial10,right,2
subject4,stiff-legged,trial10,left,2
subject4,stiff-legged,trial11,right,2
subject4,stiff-legged,trial11,left,2
subject4,stiff-legged,trial12,right,2
subject4,stiff-legged,trial12,left,2
subject4,stiff-legged,trial13,right,2
subject4,stiff-legged,trial13,left,2
subject4,stiff-legged,trial14,right,2
subject4,stiff-legged,trial14,left,2
subject4,stiff-legged,trial15,right,2
subject4,stiff-legged,trial15,left,2
subject4,stiff-legged,trial16,right,2
subject4,stiff-legged,trial16,left,2
subject4,stiff-legged,trial17,right,2
subject4,stiff-legged,trial17,left,2
subject4,stiff-legged,trial18,left,1
subject4,stiff-legged,trial18,right,2
subject4,stiff-legged,trial19,left,2
subject4,stiff-legged,trial19,right,2
subject4,stiff-legged,trial1,right,2
subject4,stiff-legged,trial1,left,2
subject4,stiff-legged,trial20,left,1
subject4,stiff-legged,trial20,right,2
subject4,stiff-legged,trial2,left,2
subject4,stiff-legged,trial2,right,2
subject4,stiff-legged,trial3,right,2
subject4,stiff-legged,trial3,left,2
subject4,stiff-legged,trial4,right,2
subject4,stiff-legged,trial4,left,2
subject4,stiff-legged,trial5,right,2
subject4,stiff-legged,trial5,left,2
subject4,stiff-legged,trial6,right,2
subject4,stiff-legged,trial6,left,2
subject4,stiff-legged,trial7,right,2
subject4,stiff-legged,trial7,left,1
subject4,stiff-legged,trial8,right,2
subject4,stiff-legged,trial8,left,2
subject4,stiff-legged,trial9,right,2
subject4,stiff-legged,trial9,left,2
subject4,trendelenburg,trial10,right,2
subject4,trendelenburg,trial10,left,2
subject4,trendelenburg,trial11,left,2
subject4,trendelenburg,trial11,right,2
subject4,trendelenburg,trial12,right,1
subject4,trendelenburg,trial12,left,1
subject4,trendelenburg,trial13,left,1
subject4,trendelenburg,trial13,right,2
subject4,trendelenburg,trial14,right,1
subject4,trendelenburg,trial14,left,0
subject4,trendelenburg,trial15,right,2
subject4,trendelenburg,trial15,left,2
subject4,trendelenburg,trial16,left,1
subject4,trendelenburg,trial16,right,2
subject4,trendelenburg,trial17,left,2
subject4,trendelenburg,trial17,right,1
subject4,trendelenburg,trial18,right,1
subject4,trendelenburg,trial18,left,2
subject4,trendelenburg,trial19,left,1
subject4,trendelenburg,trial19,right,2
subject4,trendelenburg,trial1,right,2
subject4,trendelenburg,trial1,left,0
subject4,trendelenburg,trial20,left,1
subject4,trendelenburg,trial20,right,2
subject4,trendelenburg,trial2,right,1
subject4,trendelenburg,trial2,left,1
subject4,trendelenburg,trial3,left,1
subject4,trendelenburg,trial3,right,2
subject4,trendelenburg,trial4,right,0
subject4,trendelenburg,trial4,left,2
subject4,trendelenburg,trial5,right,1
subject4,trendelenburg,trial5,left,0
subject4,trendelenburg,trial6,right,2
subject4,trendelenburg,trial6,left,1
subject4,trendelenburg,trial7,right,2
subject4,trendelenburg,trial7,left,1
subject4,trendelenburg,trial8,right,1
subject4,trendelenburg,trial8,left,1
subject4,trendelenburg,trial9,right,2
subject4,trendelenburg,trial9,left,2
subject5,antalgic,trial10,right,2
subject5,antalgic,trial10,left,0
subject5,antalgic,trial11,right,1
subject5,antalgic,trial11,left,2
subject5,antalgic,trial12,right,1
subject5,antalgic,trial12,left,0
subject5,antalgic,trial13,right,1
subject5,antalgic,trial13,left,1
subject5,antalgic,trial14,right,1
subject5,antalgic,trial14,left,1
subject5,antalgic,trial15,left,0
subject5,antalgic,trial15,right,1
subject5,antalgic,trial16,left,2
subject5,antalgic,trial16,right,1
subject5,antalgic,trial17,right,1
subject5,antalgic,trial17,left,0
subject5,antalgic,trial18,left,1
subject5,antalgic,trial18,right,0
subject5,antalgic,trial19,right,1
subject5,antalgic,trial19,left,1
subject5,antalgic,trial1,right,1
subject5,antalgic,trial1,left,2
subject5,antalgic,trial20,right,0
subject5,antalgic,trial20,left,1
subject5,antalgic,trial2,right,1
subject5,antalgic,trial2,left,1
subject5,antalgic,trial3,right,2
subject5,antalgic,trial3,left,1
subject5,antalgic,trial4,left,2
subject5,antalgic,trial4,right,2
subject5,antalgic,trial5,left,2
subject5,antalgic,trial5,right,0
subject5,antalgic,trial6,right,1
subject5,antalgic,trial6,left,0
subject5,antalgic,trial7,right,1
subject5,antalgic,trial7,left,0
subject5,antalgic,trial8,left,1
subject5,antalgic,trial8,right,1
subject5,antalgic,trial9,left,1
subject5,antalgic,trial9,right,1
subject5,lurching,trial10,right,1
subject5,lurching,trial10,left,0
subject5,lurching,trial11,right,0
subject5,lurching,trial11,left,2
subject5,lurching,trial12,right,1
subject5,lurching,trial12,left,1
subject5,lurching,trial13,right,1
subject5,lurching,trial13,left,1
subject5,lurching,trial14,right,0
subject5,lurching,trial14,left,1
subject5,lurching,trial15,right,0
subject5,lurching,trial15,left,2
subject5,lurching,trial16,right,2
subject5,lurching,trial16,left,2
subject5,lurching,trial17,right,1
subject5,lurching,trial17,left,1
subject5,lurching,trial18,right,2
subject5,lurching,trial18,left,0
subject5,lurching,trial19,right,2
subject5,lurching,trial19,left,0
subject5,lurching,trial1,right,1
subject5,lurching,trial1,left,2
subject5,lurching,trial20,right,0
subject5,lurching,trial20,left,0
subject5,lurching,trial2,right,2
subject5,lurching,trial2,left,2
subject5,lurching,trial3,right,1
subject5,lurching,trial3,left,1
subject5,lurching,trial4,right,1
subject5,lurching,trial4,left,2
subject5,lurching,trial5,right,0
subject5,lurching,trial5,left,1
subject5,lurching,trial6,right,1
subject5,lurching,trial6,left,0
subject5,lurching,trial7,right,2
subject5,lurching,trial7,left,2
subject5,lurching,trial8,right,0
subject5,lurching,trial8,left,1
subject5,lurching,trial9,right,2
subject5,lurching,trial9,left,0
subject5,normal,trial10,right,0
subject5,normal,trial10,left,1
subject5,normal,trial11,left,0
subject5,normal,trial11,right,1
subject5,normal,trial12,left,0
subject5,normal,trial12,right,2
subject5,normal,trial13,left,2
subject5,normal,trial13,right,0
subject5,normal,trial14,left,2
subject5,normal,trial14,right,0
subject5,normal,trial15,left,1
subject5,normal,trial15,right,0
subject5,normal,trial16,right,1
subject5,normal,trial16,left,1
subject5,normal,trial17,left,1
subject5,normal,trial17,right,1
subject5,normal,trial18,left,1
subject5,normal,trial18,right,0
subject5,normal,trial19,left,1
subject5,normal,trial19,right,0
subject5,normal,trial1,right,2
subject5,normal,trial1,left,2
subject5,normal,trial20,right,0
subject5,normal,trial20,left,1
subject5,normal,trial2,left,2
subject5,normal,trial2,right,2
subject5,normal,trial3,left,1
subject5,normal,trial3,right,2
subject5,normal,trial4,right,0
subject5,normal,trial4,left,1
subject5,normal,trial5,left,2
subject5,normal,trial5,right,0
subject5,normal,trial6,left,0
subject5,normal,trial6,right,1
subject5,normal,trial7,left,2
subject5,normal,trial7,right,0
subject5,normal,trial8,left,1
subject5,normal,trial8,right,0
subject5,normal,trial9,right,0
subject5,normal,trial9,left,1
subject5,steppage,trial10,right,1
subject5,steppage,trial10,left,1
subject5,steppage,trial11,right,1
subject5,steppage,trial11,left,1
subject5,steppage,trial12,left,0
subject5,steppage,trial12,right,0
subject5,steppage,trial13,right,2
subject5,steppage,trial13,left,2
subject5,steppage,trial14,left,0
subject5,steppage,trial14,right,1
subject5,steppage,trial15,right,0
subject5,steppage,trial15,left,1
subject5,steppage,trial16,right,1
subject5,steppage,trial16,left,0
subject5,steppage,trial17,left,0
subject5,steppage,trial17,right,2
subject5,steppage,trial18,right,2
subject5,steppage,trial18,left,1
subject5,steppage,trial19,left,2
subject5,steppage,trial19,right,0
subject5,steppage,trial1,right,2
subject5,steppage,trial1,left,1
subject5,steppage,trial20,right,0
subject5,steppage,trial20,left,2
subject5,steppage,trial2,right,0
subject5,steppage,trial2,left,1
subject5,steppage,trial3,right,0
subject5,steppage,trial3,left,1
subject5,steppage,trial4,right,2
subject5,steppage,trial4,left,1
subject5,steppage,trial5,right,1
subject5,steppage,trial5,left,1
subject5,steppage,trial6,right,1
subject5,steppage,trial6,left,2
subject5,steppage,trial7,right,1
subject5,steppage,trial7,left,2
subject5,steppage,trial8,right,1
subject5,steppage,trial8,left,1
subject5,steppage,trial9,right,2
subject5,steppage,trial9,left,2
subject5,stiff-legged,trial10,right,2
subject5,stiff-legged,trial10,left,1
subject5,stiff-legged,trial11,right,1
subject5,stiff-legged,trial11,left,0
subject5,stiff-legged,trial12,left,2
subject5,stiff-legged,trial12,right,1
subject5,stiff-legged,trial13,left,2
subject5,stiff-legged,trial13,right,2
subject5,stiff-legged,trial14,left,1
subject5,stiff-legged,trial14,right,2
subject5,stiff-legged,trial15,left,0
subject5,stiff-legged,trial15,right,2
subject5,stiff-legged,trial16,left,1
subject5,stiff-legged,trial16,right,0
subject5,stiff-legged,trial17,left,2
subject5,stiff-legged,trial17,right,0
subject5,stiff-legged,trial18,left,1
subject5,stiff-legged,trial18,right,2
subject5,stiff-legged,trial19,left,0
subject5,stiff-legged,trial19,right,2
subject5,stiff-legged,trial1,right,1
subject5,stiff-legged,trial1,left,2
subject5,stiff-legged,trial20,left,1
subject5,stiff-legged,trial20,right,2
subject5,stiff-legged,trial2,left,2
subject5,stiff-legged,trial2,right,1
subject5,stiff-legged,trial3,left,1
subject5,stiff-legged,trial3,right,2
subject5,stiff-legged,trial4,right,1
subject5,stiff-legged,trial4,left,1
subject5,stiff-legged,trial5,right,2
subject5,stiff-legged,trial5,left,1
subject5,stiff-legged,trial6,left,1
subject5,stiff-legged,trial6,right,1
subject5,stiff-legged,trial7,left,2
subject5,stiff-legged,trial7,right,2
subject5,stiff-legged,trial8,left,1
subject5,stiff-legged,trial8,right,2
subject5,stiff-legged,trial9,left,1
subject5,stiff-legged,trial9,right,2
subject5,trendelenburg,trial10,right,0
subject5,trendelenburg,trial10,left,0
subject5,trendelenburg,trial11,left,0
subject5,trendelenburg,trial11,right,0
subject5,trendelenburg,trial12,right,1
subject5,trendelenburg,trial12,left,0
subject5,trendelenburg,trial13,right,0
subject5,trendelenburg,trial13,left,1
subject5,trendelenburg,trial14,right,1
subject5,trendelenburg,trial14,left,0
subject5,trendelenburg,trial15,right,0
subject5,trendelenburg,trial15,left,2
subject5,trendelenburg,trial16,right,1
subject5,trendelenburg,trial16,left,1
subject5,trendelenburg,trial17,right,2
subject5,trendelenburg,trial17,left,1
subject5,trendelenburg,trial18,left,1
subject5,trendelenburg,trial18,right,0
subject5,trendelenburg,trial19,right,1
subject5,trendelenburg,trial19,left,0
subject5,trendelenburg,trial1,right,1
subject5,trendelenburg,trial1,left,1
subject5,trendelenburg,trial20,right,1
subject5,trendelenburg,trial20,left,0
subject5,trendelenburg,trial2,right,1
subject5,trendelenburg,trial2,left,0
subject5,trendelenburg,trial3,right,2
subject5,trendelenburg,trial3,left,1
subject5,trendelenburg,trial4,right,2
subject5,trendelenburg,trial4,left,2
subject5,trendelenburg,trial5,right,1
subject5,trendelenburg,trial5,left,0
subject5,trendelenburg,trial6,right,1
subject5,trendelenburg,trial6,left,1
subject5,trendelenburg,trial7,right,0
subject5,trendelenburg,trial7,left,2
subject5,trendelenburg,trial8,right,1
subject5,trendelenburg,trial8,left,0
subject5,trendelenburg,trial9,left,0
subject5,trendelenburg,trial9,right,0
subject6,antalgic,trial10,right,1
subject6,antalgic,trial10,left,0
subject6,antalgic,trial11,right,2
subject6,antalgic,trial11,left,2
subject6,antalgic,trial12,right,2
subject6,antalgic,trial12,left,2
subject6,antalgic,trial13,right,2
subject6,antalgic,trial13,left,0
subject6,antalgic,trial14,right,2
subject6,antalgic,trial14,left,2
subject6,antalgic,trial15,right,2
subject6,antalgic,trial15,left,2
subject6,antalgic,trial16,right,2
subject6,antalgic,trial16,left,2
subject6,antalgic,trial17,right,0
subject6,antalgic,trial17,left,2
subject6,antalgic,trial18,right,2
subject6,antalgic,trial18,left,2
subject6,antalgic,trial19,right,2
subject6,antalgic,trial19,left,2
subject6,antalgic,trial1,right,2
subject6,antalgic,trial1,left,2
subject6,antalgic,trial20,right,2
subject6,antalgic,trial20,left,2
subject6,antalgic,trial2,right,2
subject6,antalgic,trial2,left,2
subject6,antalgic,trial3,right,0
subject6,antalgic,trial3,left,2
subject6,antalgic,trial4,right,2
subject6,antalgic,trial4,left,1
subject6,antalgic,trial5,right,2
subject6,antalgic,trial5,left,1
subject6,antalgic,trial6,right,2
subject6,antalgic,trial6,left,2
subject6,antalgic,trial7,right,1
subject6,antalgic,trial7,left,1
subject6,antalgic,trial8,right,1
subject6,antalgic,trial8,left,2
subject6,antalgic,trial9,left,2
subject6,antalgic,trial9,right,2
subject6,lurching,trial10,right,2
subject6,lurching,trial10,left,1
subject6,lurching,trial11,right,2
subject6,lurching,trial11,left,0
subject6,lurching,trial12,right,2
subject6,lurching,trial12,left,2
subject6,lurching,trial13,right,2
subject6,lurching,trial13,left,2
subject6,lurching,trial14,right,1
subject6,lurching,trial14,left,2
subject6,lurching,trial15,right,2
subject6,lurching,trial15,left,2
subject6,lurching,trial16,right,2
subject6,lurching,trial16,left,2
subject6,lurching,trial17,right,1
subject6,lurching,trial17,left,1
subject6,lurching,trial18,right,2
subject6,lurching,trial18,left,2
subject6,lurching,trial19,right,2
subject6,lurching,trial19,left,2
subject6,lurching,trial1,right,1
subject6,lurching,trial1,left,2
subject6,lurching,trial20,right,1
subject6,lurching,trial20,left,1
subject6,lurching,trial2,left,1
subject6,lurching,trial2,right,2
subject6,lurching,trial3,left,2
subject6,lurching,trial3,right,2
subject6,lurching,trial4,right,2
subject6,lurching,trial4,left,2
subject6,lurching,trial5,right,0
subject6,lurching,trial5,left,1
subject6,lurching,trial6,right,2
subject6,lurching,trial6,left,1
subject6,lurching,trial7,right,2
subject6,lurching,trial7,left,2
subject6,lurching,trial8,right,2
subject6,lurching,trial8,left,2
subject6,lurching,trial9,right,2
subject6,lurching,trial9,left,2
subject6,normal,trial10,right,2
subject6,normal,trial10,left,2
subject6,normal,trial11,right,0
subject6,normal,trial11,left,2
subject6,normal,trial12,right,2
subject6,normal,trial12,left,2
subject6,normal,trial13,right,2
subject6,normal,trial13,left,1
subject6,normal,trial14,right,0
subject6,normal,trial14,left,2
subject6,normal,trial15,right,1
subject6,normal,trial15,left,2
subject6,normal,trial16,right,0
subject6,normal,trial16,left,2
subject6,normal,trial17,right,2
subject6,normal,trial17,left,2
subject6,normal,trial18,right,1
subject6,normal,trial18,left,2
subject6,normal,trial19,right,2
subject6,normal,trial19,left,1
subject6,normal,trial1,right,2
subject6,normal,trial1,left,2
subject6,normal,trial20,right,2
subject6,normal,trial20,left,2
subject6,normal,trial2,right,1
subject6,normal,trial2,left,2
subject6,normal,trial3,right,2
subject6,normal,trial3,left,2
subject6,normal,trial4,right,2
subject6,normal,trial4,left,2
subject6,normal,trial5,right,2
subject6,normal,trial5,left,1
subject6,normal,trial6,right,2
subject6,normal,trial6,left,2
subject6,normal,trial7,right,2
subject6,normal,trial7,left,2
subject6,normal,trial8,right,2
subject6,normal,trial8,left,2
subject6,normal,trial9,right,0
subject6,normal,trial9,left,1
subject6,steppage,trial10,left,1
subject6,steppage,trial10,right,2
subject6,steppage,trial11,left,2
subject6,steppage,trial11,right,0
subject6,steppage,trial12,left,2
subject6,steppage,trial12,right,1
subject6,steppage,trial13,left,2
subject6,steppage,trial13,right,2
subject6,steppage,trial14,left,2
subject6,steppage,trial14,right,0
subject6,steppage,trial15,left,1
subject6,steppage,trial15,right,0
subject6,steppage,trial16,left,1
subject6,steppage,trial16,right,1
subject6,steppage,trial17,left,2
subject6,steppage,trial17,right,2
subject6,steppage,trial18,left,2
subject6,steppage,trial18,right,0
subject6,steppage,trial19,left,1
subject6,steppage,trial19,right,1
subject6,steppage,trial1,left,2
subject6,steppage,trial1,right,2
subject6,steppage,trial20,left,1
subject6,steppage,trial20,right,0
subject6,steppage,trial2,left,2
subject6,steppage,trial2,right,0
subject6,steppage,trial3,left,2
subject6,steppage,trial3,right,2
subject6,steppage,trial4,left,1
subject6,steppage,trial4,right,2
subject6,steppage,trial5,left,2
subject6,steppage,trial5,right,1
subject6,steppage,trial6,left,2
subject6,steppage,trial6,right,2
subject6,steppage,trial7,left,2
subject6,steppage,trial7,right,2
subject6,steppage,trial8,left,2
subject6,steppage,trial8,right,2
subject6,steppage,trial9,left,1
subject6,steppage,trial9,right,2
subject6,stiff-legged,trial10,left,1
subject6,stiff-legged,trial10,right,1
subject6,stiff-legged,trial11,left,1
subject6,stiff-legged,trial11,right,2
subject6,stiff-legged,trial12,left,2
subject6,stiff-legged,trial12,right,2
subject6,stiff-legged,trial13,left,1
subject6,stiff-legged,trial13,right,2
subject6,stiff-legged,trial14,left,2
subject6,stiff-legged,trial14,right,2
subject6,stiff-legged,trial15,left,0
subject6,stiff-legged,trial15,right,2
subject6,stiff-legged,trial16,left,2
subject6,stiff-legged,trial16,right,1
subject6,stiff-legged,trial17,left,2
subject6,stiff-legged,trial17,right,2
subject6,stiff-legged,trial18,left,2
subject6,stiff-legged,trial18,right,2
subject6,stiff-legged,trial19,left,2
subject6,stiff-legged,trial19,right,2
subject6,stiff-legged,trial1,left,2
subject6,stiff-legged,trial1,right,2
subject6,stiff-legged,trial20,right,1
subject6,stiff-legged,trial20,left,2
subject6,stiff-legged,trial2,right,2
subject6,stiff-legged,trial2,left,1
subject6,stiff-legged,trial3,left,0
subject6,stiff-legged,trial3,right,1
subject6,stiff-legged,trial4,left,2
subject6,stiff-legged,trial4,right,2
subject6,stiff-legged,trial5,left,2
subject6,stiff-legged,trial5,right,1
subject6,stiff-legged,trial6,left,0
subject6,stiff-legged,trial6,right,2
subject6,stiff-legged,trial7,left,1
subject6,stiff-legged,trial7,right,2
subject6,stiff-legged,trial8,right,2
subject6,stiff-legged,trial8,left,2
subject6,stiff-legged,trial9,left,2
subject6,stiff-legged,trial9,right,2
subject6,trendelenburg,trial10,left,2
subject6,trendelenburg,trial10,right,1
subject6,trendelenburg,trial11,right,1
subject6,trendelenburg,trial11,left,2
subject6,trendelenburg,trial12,left,1
subject6,trendelenburg,trial12,right,0
subject6,trendelenburg,trial13,right,1
subject6,trendelenburg,trial13,left,1
subject6,trendelenburg,trial14,left,2
subject6,trendelenburg,trial14,right,0
subject6,trendelenburg,trial15,left,2
subject6,trendelenburg,trial15,right,1
subject6,trendelenburg,trial16,right,1
subject6,trendelenburg,trial16,left,0
subject6,trendelenburg,trial17,right,0
subject6,trendelenburg,trial17,left,1
subject6,trendelenburg,trial18,right,0
subject6,trendelenburg,trial18,left,1
subject6,trendelenburg,trial19,right,2
subject6,trendelenburg,trial19,left,2
subject6,trendelenburg,trial1,right,1
subject6,trendelenburg,trial1,left,1
subject6,trendelenburg,trial20,right,1
subject6,trendelenburg,trial20,left,2
subject6,trendelenburg,trial2,left,2
subject6,trendelenburg,trial2,right,1
subject6,trendelenburg,trial3,right,1
subject6,trendelenburg,trial3,left,0
subject6,trendelenburg,trial4,left,2
subject6,trendelenburg,trial4,right,2
subject6,trendelenburg,trial5,left,1
subject6,trendelenburg,trial5,right,1
subject6,trendelenburg,trial6,left,1
subject6,trendelenburg,trial6,right,1
subject6,trendelenburg,trial7,right,1
subject6,trendelenburg,trial7,left,1
subject6,trendelenburg,trial8,left,1
subject6,trendelenburg,trial8,right,0
subject6,trendelenburg,trial9,left,2
subject6,trendelenburg,trial9,right,0
subject7,antalgic,trial10,right,0
subject7,antalgic,trial10,left,0
subject7,antalgic,trial11,left,2
subject7,antalgic,trial11,right,0
subject7,antalgic,trial12,left,1
subject7,antalgic,trial12,right,2
subject7,antalgic,trial13,right,0
subject7,antalgic,trial13,left,0
subject7,antalgic,trial14,left,2
subject7,antalgic,trial14,right,0
subject7,antalgic,trial15,left,0
subject7,antalgic,trial15,right,2
subject7,antalgic,trial16,left,0
subject7,antalgic,trial16,right,0
subject7,antalgic,trial17,left,1
subject7,antalgic,trial17,right,0
subject7,antalgic,trial18,left,1
subject7,antalgic,trial18,right,0
subject7,antalgic,trial19,right,0
subject7,antalgic,trial19,left,1
subject7,antalgic,trial1,left,1
subject7,antalgic,trial1,right,0
subject7,antalgic,trial20,right,0
subject7,antalgic,trial20,left,0
subject7,antalgic,trial2,left,1
subject7,antalgic,trial2,right,2
subject7,antalgic,trial3,left,1
subject7,antalgic,trial3,right,2
subject7,antalgic,trial4,left,0
subject7,antalgic,trial4,right,1
subject7,antalgic,trial5,left,1
subject7,antalgic,trial5,right,0
subject7,antalgic,trial6,left,1
subject7,antalgic,trial6,right,2
subject7,antalgic,trial7,left,2
subject7,antalgic,trial7,right,2
subject7,antalgic,trial8,left,1
subject7,antalgic,trial8,right,2
subject7,antalgic,trial9,left,1
subject7,antalgic,trial9,right,2
subject7,lurching,trial10,right,0
subject7,lurching,trial10,left,0
subject7,lurching,trial11,left,0
subject7,lurching,trial11,right,2
subject7,lurching,trial12,left,0
subject7,lurching,trial12,right,0
subject7,lurching,trial13,right,0
subject7,lurching,trial13,left,0
subject7,lurching,trial14,left,0
subject7,lurching,trial14,right,2
subject7,lurching,trial15,right,2
subject7,lurching,trial15,left,2
subject7,lurching,trial16,left,0
subject7,lurching,trial16,right,2
subject7,lurching,trial17,left,2
subject7,lurching,trial17,right,1
subject7,lurching,trial18,left,0
subject7,lurching,trial18,right,2
subject7,lurching,trial19,left,0
subject7,lurching,trial19,right,2
subject7,lurching,trial1,right,2
subject7,lurching,trial1,left,2
subject7,lurching,trial20,right,1
subject7,lurching,trial20,left,1
subject7,lurching,trial2,left,2
subject7,lurching,trial2,right,2
subject7,lurching,trial3,left,2
subject7,lurching,trial3,right,2
subject7,lurching,trial4,right,0
subject7,lurching,trial4,left,0
subject7,lurching,trial5,left,0
subject7,lurching,trial5,right,2
subject7,lurching,trial6,right,0
subject7,lurching,trial6,left,0
subject7,lurching,trial7,right,2
subject7,lurching,trial7,left,2
subject7,lurching,trial8,right,2
subject7,lurching,trial8,left,2
subject7,lurching,trial9,right,0
subject7,lurching,trial9,left,0
subject7,normal,trial10,left,2
subject7,normal,trial10,right,2
subject7,normal,trial11,right,0
subject7,normal,trial11,left,0
subject7,normal,trial12,left,2
subject7,normal,trial12,right,2
subject7,normal,trial13,right,1
subject7,normal,trial13,left,0
subject7,normal,trial14,left,0
subject7,normal,trial14,right,2
subject7,normal,trial15,left,0
subject7,normal,trial15,right,2
subject7,normal,trial16,left,0
subject7,normal,trial16,right,2
subject7,normal,trial17,right,0
subject7,normal,trial17,left,2
subject7,normal,trial18,right,1
subject7,normal,trial18,left,0
subject7,normal,trial19,left,0
subject7,normal,trial19,right,2
subject7,normal,trial1,right,1
subject7,normal,trial1,left,2
subject7,normal,trial20,right,0
subject7,normal,trial20,left,0
subject7,normal,trial2,right,0
subject7,normal,trial2,left,1
subject7,normal,trial3,right,2
subject7,normal,trial3,left,2
subject7,normal,trial4,right,0
subject7,normal,trial4,left,0
subject7,normal,trial5,right,0
subject7,normal,trial5,left,2
subject7,normal,trial6,left,1
subject7,normal,trial6,right,1
subject7,normal,trial7,left,0
subject7,normal,trial7,right,2
subject7,normal,trial8,left,2
subject7,normal,trial8,right,0
subject7,normal,trial9,right,0
subject7,normal,trial9,left,2
subject7,steppage,trial10,right,2
subject7,steppage,trial10,left,2
subject7,steppage,trial11,right,2
subject7,steppage,trial11,left,0
subject7,steppage,trial12,right,2
subject7,steppage,trial12,left,2
subject7,steppage,trial13,right,2
subject7,steppage,trial13,left,2
subject7,steppage,trial14,right,0
subject7,steppage,trial14,left,2
subject7,steppage,trial15,left,1
subject7,steppage,trial15,right,2
subject7,steppage,trial16,left,0
subject7,steppage,trial16,right,0
subject7,steppage,trial17,left,0
subject7,steppage,trial17,right,2
subject7,steppage,trial18,right,1
subject7,steppage,trial18,left,1
subject7,steppage,trial19,left,0
subject7,steppage,trial19,right,2
subject7,steppage,trial1,right,1
subject7,steppage,trial1,left,2
subject7,steppage,trial20,right,1
subject7,steppage,trial20,left,1
subject7,steppage,trial2,right,1
subject7,steppage,trial2,left,2
subject7,steppage,trial3,left,0
subject7,steppage,trial3,right,2
subject7,steppage,trial4,left,0
subject7,steppage,trial4,right,2
subject7,steppage,trial5,left,0
subject7,steppage,trial5,right,2
subject7,steppage,trial6,right,0
subject7,steppage,trial6,left,2
subject7,steppage,trial7,right,0
subject7,steppage,trial7,left,2
subject7,steppage,trial8,left,0
subject7,steppage,trial8,right,2
subject7,steppage,trial9,right,2
subject7,steppage,trial9,left,2
subject7,stiff-legged,trial10,left,0
subject7,stiff-legged,trial10,right,2
subject7,stiff-legged,trial11,left,2
subject7,stiff-legged,trial11,right,2
subject7,stiff-legged,trial12,left,0
subject7,stiff-legged,trial12,right,2
subject7,stiff-legged,trial13,left,0
subject7,stiff-legged,trial13,right,2
subject7,stiff-legged,trial14,left,0
subject7,stiff-legged,trial14,right,0
subject7,stiff-legged,trial15,right,0
subject7,stiff-legged,trial15,left,2
subject7,stiff-legged,trial16,left,1
subject7,stiff-legged,trial16,right,2
subject7,stiff-legged,trial17,left,0
subject7,stiff-legged,trial17,right,1
subject7,stiff-legged,trial18,left,0
subject7,stiff-legged,trial18,right,2
subject7,stiff-legged,trial19,right,1
subject7,stiff-legged,trial19,left,2
subject7,stiff-legged,trial1,left,0
subject7,stiff-legged,trial1,right,2
subject7,stiff-legged,trial20,right,0
subject7,stiff-legged,trial20,left,2
subject7,stiff-legged,trial2,left,0
subject7,stiff-legged,trial2,right,2
subject7,stiff-legged,trial3,right,1
subject7,stiff-legged,trial3,left,2
subject7,stiff-legged,trial4,left,1
subject7,stiff-legged,trial4,right,1
subject7,stiff-legged,trial5,right,0
subject7,stiff-legged,trial5,left,1
subject7,stiff-legged,trial6,left,1
subject7,stiff-legged,trial6,right,0
subject7,stiff-legged,trial7,left,1
subject7,stiff-legged,trial7,right,0
subject7,stiff-legged,trial8,left,2
subject7,stiff-legged,trial8,right,0
subject7,stiff-legged,trial9,left,2
subject7,stiff-legged,trial9,right,0
subject7,trendelenburg,trial10,right,0
subject7,trendelenburg,trial10,left,2
subject7,trendelenburg,trial11,left,1
subject7,trendelenburg,trial11,right,0
subject7,trendelenburg,trial12,right,0
subject7,trendelenburg,trial12,left,1
subject7,trendelenburg,trial13,right,2
subject7,trendelenburg,trial13,left,0
subject7,trendelenburg,trial14,right,0
subject7,trendelenburg,trial14,left,0
subject7,trendelenburg,trial15,right,1
subject7,trendelenburg,trial15,left,0
subject7,trendelenburg,trial16,right,0
subject7,trendelenburg,trial16,left,0
subject7,trendelenburg,trial17,right,0
subject7,trendelenburg,trial17,left,1
subject7,trendelenburg,trial18,right,0
subject7,trendelenburg,trial18,left,1
subject7,trendelenburg,trial19,right,1
subject7,trendelenburg,trial19,left,1
subject7,trendelenburg,trial1,left,1
subject7,trendelenburg,trial1,right,0
subject7,trendelenburg,trial20,left,1
subject7,trendelenburg,trial20,right,0
subject7,trendelenburg,trial2,left,2
subject7,trendelenburg,trial2,right,2
subject7,trendelenburg,trial3,right,2
subject7,trendelenburg,trial3,left,2
subject7,trendelenburg,trial4,left,1
subject7,trendelenburg,trial4,right,2
subject7,trendelenburg,trial5,right,1
subject7,trendelenburg,trial5,left,2
subject7,trendelenburg,trial6,right,2
subject7,trendelenburg,trial6,left,0
subject7,trendelenburg,trial7,right,0
subject7,trendelenburg,trial7,left,1
subject7,trendelenburg,trial8,right,1
subject7,trendelenburg,trial8,left,1
subject7,trendelenburg,trial9,right,1
subject7,trendelenburg,trial9,left,0
subject8,antalgic,trial10,right,1
subject8,antalgic,trial10,left,1
subject8,antalgic,trial11,right,0
subject8,antalgic,trial11,left,1
subject8,antalgic,trial12,right,1
subject8,antalgic,trial12,left,2
subject8,antalgic,trial13,left,2
subject8,antalgic,trial13,right,0
subject8,antalgic,trial14,right,0
subject8,antalgic,trial14,left,2
subject8,antalgic,trial15,left,2
subject8,antalgic,trial15,right,1
subject8,antalgic,trial16,left,2
subject8,antalgic,trial16,right,2
subject8,antalgic,trial17,left,2
subject8,antalgic,trial17,right,2
subject8,antalgic,trial18,right,1
subject8,antalgic,trial18,left,2
subject8,antalgic,trial19,right,2
subject8,antalgic,trial19,left,2
subject8,antalgic,trial1,right,1
subject8,antalgic,trial1,left,1
subject8,antalgic,trial20,right,1
subject8,antalgic,trial20,left,2
subject8,antalgic,trial2,right,2
subject8,antalgic,trial2,left,2
subject8,antalgic,trial3,right,1
subject8,antalgic,trial3,left,2
subject8,antalgic,trial4,right,2
subject8,antalgic,trial4,left,2
subject8,antalgic,trial5,right,0
subject8,antalgic,trial5,left,1
subject8,antalgic,trial6,right,0
subject8,antalgic,trial6,left,2
subject8,antalgic,trial7,right,2
subject8,antalgic,trial7,left,2
subject8,antalgic,trial8,right,0
subject8,antalgic,trial8,left,2
subject8,antalgic,trial9,right,2
subject8,antalgic,trial9,left,2
subject8,lurching,trial10,right,0
subject8,lurching,trial10,left,0
subject8,lurching,trial11,right,2
subject8,lurching,trial11,left,2
subject8,lurching,trial12,right,1
subject8,lurching,trial12,left,0
subject8,lurching,trial13,right,0
subject8,lurching,trial13,left,2
subject8,lurching,trial14,right,1
subject8,lurching,trial14,left,2
subject8,lurching,trial15,right,0
subject8,lurching,trial15,left,2
subject8,lurching,trial16,right,0
subject8,lurching,trial16,left,0
subject8,lurching,trial17,left,0
subject8,lurching,trial17,right,2
subject8,lurching,trial18,left,0
subject8,lurching,trial18,right,2
subject8,lurching,trial19,right,1
subject8,lurching,trial19,left,1
subject8,lurching,trial1,right,1
subject8,lurching,trial1,left,0
subject8,lurching,trial20,right,1
subject8,lurching,trial20,left,1
subject8,lurching,trial2,left,0
subject8,lurching,trial2,right,2
subject8,lurching,trial3,right,2
subject8,lurching,trial3,left,2
subject8,lurching,trial4,left,1
subject8,lurching,trial4,right,2
subject8,lurching,trial5,right,1
subject8,lurching,trial5,left,0
subject8,lurching,trial6,left,0
subject8,lurching,trial6,right,2
subject8,lurching,trial7,left,0
subject8,lurching,trial7,right,2
subject8,lurching,trial8,right,0
subject8,lurching,trial8,left,1
subject8,lurching,trial9,right,0
subject8,lurching,trial9,left,2
subject8,normal,trial10,right,1
subject8,normal,trial10,left,1
subject8,normal,trial11,left,2
subject8,normal,trial11,right,2
subject8,normal,trial12,left,1
subject8,normal,trial12,right,0
subject8,normal,trial13,right,0
subject8,normal,trial13,left,1
subject8,normal,trial14,right,1
subject8,normal,trial14,left,1
subject8,normal,trial15,left,1
subject8,normal,trial15,right,0
subject8,normal,trial16,right,1
subject8,normal,trial16,left,1
subject8,normal,trial17,right,2
subject8,normal,trial17,left,2
subject8,normal,trial18,left,1
subject8,normal,trial18,right,0
subject8,normal,trial19,left,1
subject8,normal,trial19,right,2
subject8,normal,trial1,right,2
subject8,normal,trial1,left,2
subject8,normal,trial20,left,1
subject8,normal,trial20,right,2
subject8,normal,trial2,right,2
subject8,normal,trial2,left,1
subject8,normal,trial3,right,0
subject8,normal,trial3,left,2
subject8,normal,trial4,right,1
subject8,normal,trial4,left,1
subject8,normal,trial5,right,2
subject8,normal,trial5,left,2
subject8,normal,trial6,right,1
subject8,normal,trial6,left,1
subject8,normal,trial7,left,0
subject8,normal,trial7,right,1
subject8,normal,trial8,left,1
subject8,normal,trial8,right,2
subject8,normal,trial9,right,0
subject8,normal,trial9,left,2
subject8,steppage,trial10,right,1
subject8,steppage,trial10,left,2
subject8,steppage,trial11,left,1
subject8,steppage,trial11,right,2
subject8,steppage,trial12,right,2
subject8,steppage,trial12,left,2
subject8,steppage,trial13,left,2
subject8,steppage,trial13,right,2
subject8,steppage,trial14,right,2
subject8,steppage,trial14,left,1
subject8,steppage,trial15,right,0
subject8,steppage,trial15,left,2
subject8,steppage,trial16,right,2
subject8,steppage,trial16,left,2
subject8,steppage,trial17,left,1
subject8,steppage,trial17,right,2
subject8,steppage,trial18,right,2
subject8,steppage,trial18,left,2
subject8,steppage,trial19,right,1
subject8,steppage,trial19,left,1
subject8,steppage,trial1,right,1
subject8,steppage,trial1,left,2
subject8,steppage,trial20,right,0
subject8,steppage,trial20,left,2
subject8,steppage,trial2,left,1
subject8,steppage,trial2,right,0
subject8,steppage,trial3,right,0
subject8,steppage,trial3,left,1
subject8,steppage,trial4,left,1
subject8,steppage,trial4,right,2
subject8,steppage,trial5,left,1
subject8,steppage,trial5,right,2
subject8,steppage,trial6,right,1
subject8,steppage,trial6,left,1
subject8,steppage,trial7,right,0
subject8,steppage,trial7,left,1
subject8,steppage,trial8,left,1
subject8,steppage,trial8,right,2
subject8,steppage,trial9,right,1
subject8,steppage,trial9,left,1
subject8,stiff-legged,trial10,left,1
subject8,stiff-legged,trial10,right,1
subject8,stiff-legged,trial11,left,1
subject8,stiff-legged,trial11,right,0
subject8,stiff-legged,trial12,left,0
subject8,stiff-legged,trial12,right,2
subject8,stiff-legged,trial13,left,2
subject8,stiff-legged,trial13,right,1
subject8,stiff-legged,trial14,left,2
subject8,stiff-legged,trial14,right,1
subject8,stiff-legged,trial15,left,0
subject8,stiff-legged,trial15,right,0
subject8,stiff-legged,trial16,left,2
subject8,stiff-legged,trial16,right,1
subject8,stiff-legged,trial17,left,1
subject8,stiff-legged,trial17,right,2
subject8,stiff-legged,trial18,left,2
subject8,stiff-legged,trial18,right,2
subject8,stiff-legged,trial19,left,2
subject8,stiff-legged,trial19,right,2
subject8,stiff-legged,trial1,right,0
subject8,stiff-legged,trial1,left,0
subject8,stiff-legged,trial20,left,2
subject8,stiff-legged,trial20,right,1
subject8,stiff-legged,trial2,right,2
subject8,stiff-legged,trial2,left,0
subject8,stiff-legged,trial3,left,0
subject8,stiff-legged,trial3,right,2
subject8,stiff-legged,trial4,left,2
subject8,stiff-legged,trial4,right,0
subject8,stiff-legged,trial5,left,2
subject8,stiff-legged,trial5,right,0
subject8,stiff-legged,trial6,left,1
subject8,stiff-legged,trial6,right,2
subject8,stiff-legged,trial7,left,2
subject8,stiff-legged,trial7,right,1
subject8,stiff-legged,trial8,left,0
subject8,stiff-legged,trial8,right,2
subject8,stiff-legged,trial9,left,1
subject8,stiff-legged,trial9,right,2
subject8,trendelenburg,trial10,right,2
subject8,trendelenburg,trial10,left,1
subject8,trendelenburg,trial11,right,0
subject8,trendelenburg,trial11,left,1
subject8,trendelenburg,trial12,right,0
subject8,trendelenburg,trial12,left,0
subject8,trendelenburg,trial13,right,1
subject8,trendelenburg,trial13,left,1
subject8,trendelenburg,trial14,right,2
subject8,trendelenburg,trial14,left,2
subject8,trendelenburg,trial15,right,2
subject8,trendelenburg,trial15,left,0
subject8,trendelenburg,trial16,right,2
subject8,trendelenburg,trial16,left,1
subject8,trendelenburg,trial17,left,1
subject8,trendelenburg,trial17,right,2
subject8,trendelenburg,trial18,right,1
subject8,trendelenburg,trial18,left,0
subject8,trendelenburg,trial19,right,1
subject8,trendelenburg,trial19,left,0
subject8,trendelenburg,trial1,left,0
subject8,trendelenburg,trial1,right,1
subject8,trendelenburg,trial20,right,2
subject8,trendelenburg,trial20,left,1
subject8,trendelenburg,trial2,left,1
subject8,trendelenburg,trial2,right,1
subject8,trendelenburg,trial3,right,1
subject8,trendelenburg,trial3,left,1
subject8,trendelenburg,trial4,left,1
subject8,trendelenburg,trial4,right,2
subject8,trendelenburg,trial5,left,1
subject8,trendelenburg,trial5,right,1
subject8,trendelenburg,trial6,right,0
subject8,trendelenburg,trial6,left,2
subject8,trendelenburg,trial7,left,1
subject8,trendelenburg,trial7,right,2
subject8,trendelenburg,trial8,right,0
subject8,trendelenburg,trial8,left,1
subject8,trendelenburg,trial9,left,0
subject8,trendelenburg,trial9,right,1
subject9,antalgic,trial10,left,2
subject9,antalgic,trial10,right,2
subject9,antalgic,trial11,left,0
subject9,antalgic,trial11,right,0
subject9,antalgic,trial12,left,0
subject9,antalgic,trial12,right,0
subject9,antalgic,trial13,right,0
subject9,antalgic,trial13,left,2
subject9,antalgic,trial14,right,0
subject9,antalgic,trial14,left,0
subject9,antalgic,trial15,left,0
subject9,antalgic,trial15,right,0
subject9,antalgic,trial16,left,0
subject9,antalgic,trial16,right,0
subject9,antalgic,trial17,right,0
subject9,antalgic,trial17,left,0
subject9,antalgic,trial18,left,0
subject9,antalgic,trial18,right,2
subject9,antalgic,trial19,left,0
subject9,antalgic,trial19,right,0
subject9,antalgic,trial1,left,0
subject9,antalgic,trial1,right,2
subject9,antalgic,trial20,left,0
subject9,antalgic,trial20,right,0
subject9,antalgic,trial2,right,0
subject9,antalgic,trial2,left,2
subject9,antalgic,trial3,right,0
subject9,antalgic,trial3,left,0
subject9,antalgic,trial4,left,0
subject9,antalgic,trial4,right,0
subject9,antalgic,trial5,left,0
subject9,antalgic,trial5,right,0
subject9,antalgic,trial6,right,0
subject9,antalgic,trial6,left,2
subject9,antalgic,trial7,right,0
subject9,antalgic,trial7,left,2
subject9,antalgic,trial8,right,0
subject9,antalgic,trial8,left,2
subject9,antalgic,trial9,left,2
subject9,antalgic,trial9,right,2
subject9,lurching,trial10,right,0
subject9,lurching,trial10,left,0
subject9,lurching,trial11,right,2
subject9,lurching,trial11,left,2
subject9,lurching,trial12,right,2
subject9,lurching,trial12,left,0
subject9,lurching,trial13,right,0
subject9,lurching,trial13,left,2
subject9,lurching,trial14,left,2
subject9,lurching,trial14,right,2
subject9,lurching,trial15,right,0
subject9,lurching,trial15,left,2
subject9,lurching,trial16,right,0
subject9,lurching,trial16,left,2
subject9,lurching,trial17,right,0
subject9,lurching,trial17,left,0
subject9,lurching,trial18,right,2
subject9,lurching,trial18,left,2
subject9,lurching,trial19,right,0
subject9,lurching,trial19,left,0
subject9,lurching,trial1,right,1
subject9,lurching,trial1,left,0
subject9,lurching,trial20,right,2
subject9,lurching,trial20,left,2
subject9,lurching,trial2,right,0
subject9,lurching,trial2,left,2
subject9,lurching,trial3,right,0
subject9,lurching,trial3,left,0
subject9,lurching,trial4,right,1
subject9,lurching,trial4,left,0
subject9,lurching,trial5,right,0
subject9,lurching,trial5,left,0
subject9,lurching,trial6,right,0
subject9,lurching,trial6,left,2
subject9,lurching,trial7,left,0
subject9,lurching,trial7,right,2
subject9,lurching,trial8,right,0
subject9,lurching,trial8,left,2
subject9,lurching,trial9,left,2
subject9,lurching,trial9,right,0
subject9,normal,trial10,left,0
subject9,normal,trial10,right,2
subject9,normal,trial11,left,0
subject9,normal,trial11,right,2
subject9,normal,trial12,left,0
subject9,normal,trial12,right,2
subject9,normal,trial13,right,0
subject9,normal,trial13,left,2
subject9,normal,trial14,right,0
subject9,normal,trial14,left,2
subject9,normal,trial15,right,0
subject9,normal,trial15,left,2
subject9,normal,trial16,left,2
subject9,normal,trial16,right,2
subject9,normal,trial17,right,0
subject9,normal,trial17,left,2
subject9,normal,trial18,left,2
subject9,normal,trial18,right,2
subject9,normal,trial19,right,0
subject9,normal,trial19,left,2
subject9,normal,trial1,left,0
subject9,normal,trial1,right,0
subject9,normal,trial20,right,0
subject9,normal,trial20,left,2
subject9,normal,trial2,right,0
subject9,normal,trial2,left,2
subject9,normal,trial3,right,0
subject9,normal,trial3,left,2
subject9,normal,trial4,right,0
subject9,normal,trial4,left,2
subject9,normal,trial5,right,0
subject9,normal,trial5,left,2
subject9,normal,trial6,right,0
subject9,normal,trial6,left,2
subject9,normal,trial7,right,0
subject9,normal,trial7,left,2
subject9,normal,trial8,right,0
subject9,normal,trial8,left,2
subject9,normal,trial9,right,1
subject9,normal,trial9,left,0
subject9,steppage,trial10,right,0
subject9,steppage,trial10,left,0
subject9,steppage,trial11,right,0
subject9,steppage,trial11,left,2
subject9,steppage,trial12,right,0
subject9,steppage,trial12,left,0
subject9,steppage,trial13,right,1
subject9,steppage,trial13,left,2
subject9,steppage,trial14,right,0
subject9,steppage,trial14,left,2
subject9,steppage,trial15,left,0
subject9,steppage,trial15,right,0
subject9,steppage,trial16,right,0
subject9,steppage,trial16,left,0
subject9,steppage,trial17,left,0
subject9,steppage,trial17,right,1
subject9,steppage,trial18,right,2
subject9,steppage,trial18,left,2
subject9,steppage,trial19,left,0
subject9,steppage,trial19,right,2
subject9,steppage,trial1,left,0
subject9,steppage,trial1,right,2
subject9,steppage,trial20,left,2
subject9,steppage,trial20,right,2
subject9,steppage,trial2,right,0
subject9,steppage,trial2,left,2
subject9,steppage,trial3,right,0
subject9,steppage,trial3,left,0
subject9,steppage,trial4,left,0
subject9,steppage,trial4,right,2
subject9,steppage,trial5,right,2
subject9,steppage,trial5,left,2
subject9,steppage,trial6,right,0
subject9,steppage,trial6,left,2
subject9,steppage,trial7,right,0
subject9,steppage,trial7,left,0
subject9,steppage,trial8,left,0
subject9,steppage,trial8,right,2
subject9,steppage,trial9,right,0
subject9,steppage,trial9,left,2
subject9,stiff-legged,trial10,left,2
subject9,stiff-legged,trial10,right,2
subject9,stiff-legged,trial11,left,0
subject9,stiff-legged,trial11,right,0
subject9,stiff-legged,trial12,left,0
subject9,stiff-legged,trial12,right,0
subject9,stiff-legged,trial13,right,0
subject9,stiff-legged,trial13,left,2
subject9,stiff-legged,trial14,left,0
subject9,stiff-legged,trial14,right,0
subject9,stiff-legged,trial15,right,0
subject9,stiff-legged,trial15,left,2
subject9,stiff-legged,trial16,right,0
subject9,stiff-legged,trial16,left,2
subject9,stiff-legged,trial17,left,0
subject9,stiff-legged,trial17,right,2
subject9,stiff-legged,trial18,left,0
subject9,stiff-legged,trial18,right,0
subject9,stiff-legged,trial19,left,0
subject9,stiff-legged,trial19,right,0
subject9,stiff-legged,trial1,right,0
subject9,stiff-legged,trial1,left,2
subject9,stiff-legged,trial20,left,0
subject9,stiff-legged,trial20,right,0
subject9,stiff-legged,trial2,right,0
subject9,stiff-legged,trial2,left,2
subject9,stiff-legged,trial3,left,2
subject9,stiff-legged,trial3,right,2
subject9,stiff-legged,trial4,left,0
subject9,stiff-legged,trial4,right,0
subject9,stiff-legged,trial5,left,0
subject9,stiff-legged,trial5,right,0
subject9,stiff-legged,trial6,right,0
subject9,stiff-legged,trial6,left,2
subject9,stiff-legged,trial7,left,0
subject9,stiff-legged,trial7,right,0
subject9,stiff-legged,trial8,left,2
subject9,stiff-legged,trial8,right,2
subject9,stiff-legged,trial9,left,0
subject9,stiff-legged,trial9,right,0
subject9,trendelenburg,trial10,left,0
subject9,trendelenburg,trial10,right,2
subject9,trendelenburg,trial11,right,0
subject9,trendelenburg,trial11,left,2
subject9,trendelenburg,trial12,left,0
subject9,trendelenburg,trial12,right,2
subject9,trendelenburg,trial13,left,0
subject9,trendelenburg,trial13,right,2
subject9,trendelenburg,trial14,left,0
subject9,trendelenburg,trial14,right,2
subject9,trendelenburg,trial15,left,0
subject9,trendelenburg,trial15,right,2
subject9,trendelenburg,trial16,left,0
subject9,trendelenburg,trial16,right,0
subject9,trendelenburg,trial17,left,0
subject9,trendelenburg,trial17,right,0
subject9,trendelenburg,trial18,left,0
subject9,trendelenburg,trial18,right,2
subject9,trendelenburg,trial19,left,0
subject9,trendelenburg,trial19,right,2
subject9,trendelenburg,trial1,left,0
subject9,trendelenburg,trial1,right,2
subject9,trendelenburg,trial20,left,2
subject9,trendelenburg,trial20,right,2
subject9,trendelenburg,trial2,left,0
subject9,trendelenburg,trial2,right,2
subject9,trendelenburg,trial3,left,0
subject9,trendelenburg,trial3,right,2
subject9,trendelenburg,trial4,left,0
subject9,trendelenburg,trial4,right,2
subject9,trendelenburg,trial5,left,2
subject9,trendelenburg,trial5,right,2
subject9,trendelenburg,trial6,left,0
subject9,trendelenburg,trial6,right,2
subject9,trendelenburg,trial7,left,1
subject9,trendelenburg,trial7,right,0
subject9,trendelenburg,trial8,left,0
subject9,trendelenburg,trial8,right,2
subject9,trendelenburg,trial9,left,0
subject9,trendelenburg,trial9,right,2
