sample_name,source_path,rows,cols,bbox_top,bbox_bottom,bbox_left,bbox_right,zone3_forefoot_start,zone3_forefoot_end,zone2_midfoot_start,zone2_midfoot_end,zone1_heel_start,zone1_heel_end,total_contact,midfoot_contact,arch_index,csi,ai_class,csi_class,binary_prediction
subject10_antalgic_trial10_pressure,E:\Flat Foot\Pressure_Data\subject10_antalgic_trial10_pressure.csv,128,48,18,127,11,43,18,54,55,91,92,127,431,103,0.238979,22.2222,borderline,normal_or_high_arch,not_flatfoot
subject10_antalgic_trial11_pressure,E:\Flat Foot\Pressure_Data\subject10_antalgic_trial11_pressure.csv,128,48,7,127,10,45,7,47,48,87,88,127,484,102,0.210744,33.3333,borderline,borderline,not_flatfoot
subject10_antalgic_trial12_pressure,E:\Flat Foot\Pressure_Data\subject10_antalgic_trial12_pressure.csv,128,48,8,127,8,41,8,47,48,87,88,127,437,66,0.151030,33.3333,normal_or_high_arch,borderline,not_flatfoot
subject10_antalgic_trial13_pressure,E:\Flat Foot\Pressure_Data\subject10_antalgic_trial13_pressure.csv,128,48,16,127,7,44,16,53,54,90,91,127,483,70,0.144928,33.3333,normal_or_high_arch,borderline,not_flatfoot
subject10_antalgic_trial14_pressure,E:\Flat Foot\Pressure_Data\subject10_antalgic_trial14_pressure.csv,128,48,9,102,8,41,9,40,41,71,72,102,444,67,0.150901,11.1111,normal_or_high_arch,normal_or_high_arch,not_flatfoot
subject10_antalgic_trial15_pressure,E:\Flat Foot\Pressure_Data\subject10_antalgic_trial15_pressure.csv,128,48,4,127,7,44,4,45,46,86,87,127,521,83,0.159309,22.2222,normal_or_high_arch,normal_or_high_arch,not_flatfoot
subject10_antalgic_trial16_pressure,E:\Flat Foot\Pressure_Data\subject10_antalgic_trial16_pressure.csv,128,48,21,127,9,43,21,56,57,92,93,127,411,97,0.236010,22.2222,borderline,normal_or_high_arch,not_flatfoot
subject10_antalgic_trial17_pressure,E:\Flat Foot\Pressure_Data\subject10_antalgic_trial17_pressure.csv,128,48,9,127,8,44,9,48,49,88,89,127,559,63,0.112701,10.0000,normal_or_high_arch,normal_or_high_arch,not_flatfoot
subject10_antalgic_trial18_pressure,E:\Flat Foot\Pressure_Data\subject10_antalgic_trial18_pressure.csv,128,48,10,127,7,44,10,49,50,88,89,127,541,79,0.146026,33.3333,normal_or_high_arch,borderline,not_flatfoot
subject10_antalgic_trial19_pressure,E:\Flat Foot\Pressure_Data\subject10_antalgic_trial19_pressure.csv,128,48,12,127,9,45,12,50,51,89,90,127,512,85,0.166016,25.0000,normal_or_high_arch,normal_or_high_arch,not_flatfoot
subject10_antalgic_trial1_pressure,E:\Flat Foot\Pressure_Data\subject10_antalgic_trial1_pressure.csv,128,48,0,104,5,44,0,34,35,69,70,104,407,192,0.471744,33.3333,flatfoot,borderline,flatfoot
subject10_antalgic_trial20_pressure,E:\Flat Foot\Pressure_Data\subject10_antalgic_trial20_pressure.csv,128,48,10,127,6,44,10,49,50,88,89,127,567,94,0.165785,55.5556,normal_or_high_arch,flatfoot,not_flatfoot
subject10_antalgic_trial2_pressure,E:\Flat Foot\Pressure_Data\subject10_antalgic_trial2_pressure.csv,128,48,13,123,5,40,13,49,50,86,87,123,481,107,0.222453,30.0000,borderline,normal_or_high_arch,not_flatfoot
subject10_antalgic_trial3_pressure,E:\Flat Foot\Pressure_Data\subject10_antalgic_trial3_pressure.csv,128,48,10,127,7,42,10,49,50,88,89,127,371,146,0.393531,44.4444,flatfoot,borderline,flatfoot
subject10_antalgic_trial4_pressure,E:\Flat Foot\Pressure_Data\subject10_antalgic_trial4_pressure.csv,128,48,15,127,11,45,15,52,53,90,91,127,429,99,0.230769,28.5714,borderline,normal_or_high_arch,not_flatfoot
subject10_antalgic_trial5_pressure,E:\Flat Foot\Pressure_Data\subject10_antalgic_trial5_pressure.csv,128,48,18,127,11,44,18,54,55,91,92,127,416,101,0.242788,11.1111,borderline,normal_or_high_arch,not_flatfoot
subject10_antalgic_trial6_pressure,E:\Flat Foot\Pressure_Data\subject10_antalgic_trial6_pressure.csv,128,48,0,108,3,38,0,36,37,72,73,108,414,164,0.396135,44.4444,flatfoot,borderline,flatfoot
subject10_antalgic_trial7_pressure,E:\Flat Foot\Pressure_Data\subject10_antalgic_trial7_pressure.csv,128,48,15,122,10,43,15,50,51,86,87,122,324,123,0.379630,25.0000,flatfoot,normal_or_high_arch,flatfoot
subject10_antalgic_trial8_pressure,E:\Flat Foot\Pressure_Data\subject10_antalgic_trial8_pressure.csv,128,48,12,127,8,44,12,50,51,89,90,127,427,108,0.252927,22.2222,borderline,normal_or_high_arch,not_flatfoot
subject10_antalgic_trial9_pressure,E:\Flat Foot\Pressure_Data\subject10_antalgic_trial9_pressure.csv,128,48,3,127,7,43,3,44,45,86,87,127,519,90,0.173410,33.3333,normal_or_high_arch,borderline,not_flatfoot
subject10_lurching_trial10_pressure,E:\Flat Foot\Pressure_Data\subject10_lurching_trial10_pressure.csv,128,48,9,127,10,44,9,48,49,88,89,127,437,82,0.187643,62.5000,normal_or_high_arch,flatfoot,not_flatfoot
subject10_lurching_trial11_pressure,E:\Flat Foot\Pressure_Data\subject10_lurching_trial11_pressure.csv,128,48,0,116,7,44,0,38,39,77,78,116,580,41,0.070690,33.3333,normal_or_high_arch,borderline,not_flatfoot
subject10_lurching_trial12_pressure,E:\Flat Foot\Pressure_Data\subject10_lurching_trial12_pressure.csv,128,48,11,127,8,43,11,49,50,88,89,127,555,74,0.133333,50.0000,normal_or_high_arch,flatfoot,not_flatfoot
subject10_lurching_trial13_pressure,E:\Flat Foot\Pressure_Data\subject10_lurching_trial13_pressure.csv,128,48,12,127,3,43,12,50,51,89,90,127,525,51,0.097143,33.3333,normal_or_high_arch,borderline,not_flatfoot
subject10_lurching_trial14_pressure,E:\Flat Foot\Pressure_Data\subject10_lurching_trial14_pressure.csv,128,48,0,101,5,43,0,33,34,67,68,101,424,145,0.341981,44.4444,flatfoot,borderline,flatfoot
subject10_lurching_trial15_pressure,E:\Flat Foot\Pressure_Data\subject10_lurching_trial15_pressure.csv,128,48,4,100,5,45,4,36,37,68,69,100,426,42,0.098592,33.3333,normal_or_high_arch,borderline,not_flatfoot
subject10_lurching_trial16_pressure,E:\Flat Foot\Pressure_Data\subject10_lurching_trial16_pressure.csv,128,48,0,115,2,43,0,38,39,77,78,115,518,58,0.111969,33.3333,normal_or_high_arch,borderline,not_flatfoot
subject10_lurching_trial17_pressure,E:\Flat Foot\Pressure_Data\subject10_lurching_trial17_pressure.csv,128,48,6,115,7,43,6,42,43,79,80,115,534,51,0.095506,55.5556,normal_or_high_arch,flatfoot,not_flatfoot
subject10_lurching_trial18_pressure,E:\Flat Foot\Pressure_Data\subject10_lurching_trial18_pressure.csv,128,48,14,127,9,45,14,51,52,89,90,127,483,67,0.138716,33.3333,normal_or_high_arch,borderline,not_flatfoot
subject10_lurching_trial19_pressure,E:\Flat Foot\Pressure_Data\subject10_lurching_trial19_pressure.csv,128,48,10,127,5,44,10,49,50,88,89,127,524,72,0.137405,25.0000,normal_or_high_arch,normal_or_high_arch,not_flatfoot
