0,0,0,1,0,0,0,0,0,0,0,0,1,1,0,0,0,1,0,0,0,0,0,0,0,0,0,0,0,0,0,0,0,1,0,0,1,0,0,0,0,0,0,0,0,1,1,0
0,1,0,0,1,0,0,1,0,1,0,0,1,0,0,1,1,0,0,1,1,0,0,0,1,0,0,0,0,0,0,0,0,0,0,0,0,0,0,0,1,0,0,0,0,1,0,0
1,1,0,1,0,0,0,0,1,0,1,1,1,0,0,0,0,0,0,1,0,1,0,0,1,0,1,1,1,0,0,1,0,0,0,0,1,1,0,0,1,0,0,0,0,0,0,0
1,0,1,0,1,1,1,0,0,0,0,0,0,1,1,0,1,0,0,0,0,1,0,0,0,0,0,1,0,1,0,0,0,0,1,0,0,0,0,0,0,0,0,0,0,0,1,0
0,1,1,1,0,1,0,0,1,0,0,0,0,1,1,0,0,1,1,1,0,1,1,0,0,0,1,1,1,0,1,1,0,0,0,0,0,1,1,0,1,1,0,1,1,0,0,0
0,1,0,0,0,0,0,0,0,0,0,0,0,1,0,0,0,1,1,1,0,0,1,0,0,1,0,0,1,0,1,0,0,0,0,0,1,0,0,0,1,1,1,1,0,0,0,0
0,0,1,0,0,0,0,0,0,0,0,1,0,1,1,0,0,1,0,0,0,1,0,1,0,0,1,1,1,0,1,1,0,0,1,0,1,1,0,0,0,0,0,1,0,1,0,0
1,0,1,1,0,0,0,0,0,1,0,0,0,1,1,0,1,0,1,0,0,0,0,0,1,0,1,0,0,0,0,0,1,0,0,0,0,1,0,1,1,1,1,0,0,0,0,1
0,0,0,1,1,0,1,1,1,1,0,1,0,1,1,0,0,1,2,3,1,0,0,1,0,0,0,1,0,1,0,0,1,1,0,0,1,1,0,0,1,0,1,0,0,0,1,0
0,1,0,0,1,0,0,0,0,1,0,0,1,1,0,0,4,9,11,12,13,10,5,0,0,1,0,0,0,0,1,0,0,0,0,0,1,0,0,1,1,0,0,0,0,1,0,0
0,0,0,1,0,0,1,0,0,1,0,0,1,1,1,6,14,18,23,26,25,21,16,9,3,0,0,0,1,1,0,0,1,1,0,0,0,0,1,0,0,0,0,0,1,0,1,0
0,0,0,0,1,0,0,0,1,0,0,0,0,0,5,15,22,29,34,36,36,31,25,17,9,1,0,0,0,1,0,0,0,1,0,0,0,0,0,0,1,0,0,1,1,1,1,0
0,0,0,0,1,1,1,0,1,1,0,1,1,0,10,20,28,37,42,43,42,37,32,22,12,4,1,0,1,0,1,0,1,0,1,0,0,1,0,0,0,0,1,0,0,1,0,1
0,0,0,0,0,0,0,0,0,1,0,0,0,2,11,23,32,41,46,48,48,42,36,27,16,7,1,0,0,0,0,0,0,0,0,0,0,1,0,0,0,0,0,1,0,0,0,0
0,0,0,1,0,0,0,0,0,1,0,0,1,2,11,22,31,39,46,48,47,43,36,26,17,7,1,1,1,1,1,0,0,0,1,0,0,0,0,0,0,0,0,0,0,0,0,0
0,0,0,1,1,1,1,0,1,0,1,0,0,0,9,18,28,36,42,44,41,37,31,23,14,5,0,0,0,0,1,0,0,0,1,0,0,0,0,1,1,0,0,0,1,0,0,0
0,0,0,0,1,0,0,1,0,0,1,0,0,0,5,12,20,28,33,36,34,30,24,16,8,1,0,0,0,0,0,0,0,0,0,0,0,1,0,1,0,1,1,0,1,0,0,1
1,0,0,1,0,0,0,1,0,0,1,0,0,0,0,5,12,17,21,24,23,18,15,8,3,0,0,0,0,0,0,0,1,1,1,0,0,0,0,0,1,1,1,0,1,0,0,1
0,0,0,1,1,0,0,0,1,1,0,0,0,1,0,0,3,6,10,11,10,9,4,0,0,0,0,1,1,1,0,0,1,0,1,0,1,1,0,0,1,0,1,0,0,0,0,0
1,1,0,1,1,0,0,0,0,0,0,0,1,0,0,0,0,0,1,1,0,1,1,0,1,0,0,0,0,0,0,0,0,0,0,0,1,0,0,0,0,0,1,1,1,0,0,0
0,0,1,1,0,0,0,1,1,1,0,1,0,1,1,0,0,1,1,1,0,0,0,1,1,0,1,0,0,0,0,1,0,1,0,0,1,0,0,1,1,0,0,0,0,0,0,0
0,0,0,0,0,0,0,1,0,0,0,0,1,0,1,0,0,1,2,1,1,1,0,0,0,0,1,1,1,0,0,0,0,1,0,1,1,0,0,0,1,1,0,1,0,0,1,0
1,1,0,1,0,0,1,0,1,0,1,0,0,0,0,1,0,4,7,6,0,0,1,0,0,0,0,1,0,1,1,0,1,0,1,0,0,0,0,1,0,0,0,0,0,1,0,0
1,0,0,0,0,0,0,1,1,1,0,0,0,0,0,1,0,6,11,9,1,0,1,0,1,1,1,1,1,1,0,0,1,0,0,0,0,1,0,0,1,0,1,0,1,0,0,0
1,1,0,1,1,0,0,0,0,0,0,1,0,0,1,0,1,9,13,10,3,1,0,0,1,0,0,1,0,0,0,1,0,0,0,1,0,0,0,0,0,0,0,0,1,0,1,0
0,0,1,1,1,1,0,1,1,0,0,0,0,0,1,0,0,10,13,11,3,0,0,0,1,1,1,1,1,1,0,1,0,1,0,0,0,1,0,1,0,1,0,0,1,0,0,0
0,1,1,1,0,0,1,0,0,0,0,0,0,0,0,0,0,9,13,12,4,0,0,0,0,0,0,1,0,0,0,1,0,0,0,0,0,0,0,0,0,0,0,0,0,0,0,1
1,1,0,0,0,0,0,1,0,1,1,0,0,0,0,0,0,6,10,8,1,0,0,1,1,0,1,0,0,1,1,1,1,0,0,1,0,0,0,1,0,0,1,0,1,0,0,0
0,0,0,1,1,0,1,1,0,0,0,0,0,1,0,0,1,3,6,5,0,0,1,1,0,0,0,0,0,0,0,0,1,0,0,0,0,0,0,0,1,0,0,0,1,0,0,1
0,0,0,0,0,0,1,0,1,0,0,0,0,0,0,1,0,1,3,1,0,0,1,1,0,1,1,0,0,0,1,0,0,0,0,1,0,0,0,0,1,0,1,0,0,0,1,0
0,0,1,1,0,0,1,0,1,1,1,0,0,1,1,0,0,3,4,6,4,1,0,0,0,0,0,0,1,0,1,0,0,0,0,0,0,1,0,0,0,0,1,0,1,0,1,0
0,1,0,0,1,1,0,0,0,0,0,0,1,0,0,1,6,13,16,17,15,9,2,0,0,0,1,1,0,1,0,0,0,0,0,0,0,1,1,0,0,0,1,1,0,0,1,0
0,0,1,0,0,1,0,0,0,0,0,0,0,0,0,4,15,23,30,30,27,20,8,1,0,1,0,0,0,1,0,0,1,1,1,0,0,0,1,0,1,1,0,0,0,0,0,0
0,1,0,0,1,1,0,0,1,0,0,0,0,1,2,11,24,36,40,41,37,30,17,5,1,0,0,0,0,1,0,0,0,0,0,0,1,0,0,0,1,0,1,0,0,0,0,0
0,1,0,1,1,0,0,0,0,0,0,0,0,0,2,16,31,41,50,50,46,37,23,8,0,0,0,1,1,0,0,1,1,0,0,0,1,0,0,1,1,1,0,0,0,0,0,0
1,1,0,0,0,0,0,0,0,0,0,1,1,1,6,19,34,47,53,54,48,40,25,11,0,0,0,0,0,0,0,1,0,1,0,0,1,0,0,1,0,0,0,0,0,0,1,1
1,1,1,0,0,0,0,0,0,0,0,0,0,0,5,20,33,45,54,53,49,40,26,11,0,0,0,0,0,0,0,0,1,1,0,0,0,0,0,1,0,1,0,0,0,1,0,0
0,0,0,0,0,0,1,1,1,1,0,0,0,0,4,17,32,43,50,51,45,37,24,8,1,1,1,0,0,1,0,0,0,0,0,1,1,0,0,0,0,0,0,0,1,0,0,0
0,1,0,0,1,0,1,0,0,0,0,1,1,0,1,10,25,35,41,43,38,29,18,5,0,0,0,0,0,0,0,1,0,0,1,0,0,0,0,1,0,0,0,0,0,0,0,0
1,0,0,1,0,0,0,0,1,0,0,0,0,0,1,4,15,24,29,30,27,19,8,0,0,0,1,1,1,0,0,0,1,1,1,0,0,0,1,1,0,0,0,0,0,0,1,0
1,0,0,0,0,1,1,1,1,0,0,1,0,1,0,0,7,12,18,18,14,8,2,0,0,1,0,0,0,1,1,0,0,0,1,0,0,0,0,0,0,0,0,0,0,0,0,0
0,0,0,0,0,0,0,1,0,0,0,0,1,1,0,0,0,3,5,6,3,0,1,1,0,0,1,0,0,1,0,0,0,1,1,1,1,1,0,0,0,0,0,0,0,0,0,1
0,1,0,0,0,0,0,0,0,0,0,0,1,0,0,0,0,0,0,0,1,0,0,0,1,0,0,0,0,1,0,1,1,0,0,1,0,0,0,0,0,0,1,0,0,1,1,0
0,0,0,0,0,1,0,0,0,1,1,1,0,1,0,0,0,0,0,1,0,1,0,0,0,1,1,0,1,0,1,1,0,0,0,0,0,1,1,0,0,0,0,0,1,0,1,1
0,0,0,0,0,0,0,0,1,0,0,0,1,0,0,1,1,1,1,1,0,0,0,1,1,0,0,0,0,0,1,1,0,0,0,1,0,0,0,0,0,0,1,0,0,1,1,1
1,0,0,1,0,0,1,0,0,0,0,0,0,1,0,0,0,0,0,1,0,1,0,1,0,1,0,0,0,0,1,1,0,0,0,0,0,1,0,0,1,1,0,1,1,0,0,0
1,0,1,1,0,1,0,1,0,1,0,0,0,0,1,0,0,0,0,0,1,0,0,0,1,0,0,0,0,0,0,0,1,0,0,0,0,0,0,0,0,1,1,0,0,0,0,0
1,1,1,0,0,0,0,1,0,1,0,0,0,0,0,0,0,0,0,1,1,0,0,1,0,1,1,1,0,0,0,0,0,0,0,0,0,1,1,0,0,1,0,0,1,1,0,0
